UEIdx,lambdaBS,lambdaUE,numBlockers,deployRange,discoveryDelay,failureDetectionDelay,connectionSetupDelay,signalingAfterRachDelay,frameHopCount,frameDeliveryDelay,minRatereq,powerFac,lower_bound_thresh,GroupCount,mean_meanOutageDuration_wo_CF,std_meanOutageDuration_wo_CF,median_meanOutageDuration_wo_CF,mean_outageProbability_wo_CF,std_outageProbability_wo_CF,median_outageProbability_wo_CF,mean_meanOutageDuration,std_meanOutageDuration,median_meanOutageDuration,mean_outageProbability,std_outageProbability,median_outageProbability
1,25,250,981,564.189584,0.02,0,0.05,0,0,0,400000000,10,0.1,99,0.0911624691347874,0.104170749761117,0.07,0.00178233693085967,0.00646632013652033,1.94444444444e-05,0.0601445224706662,0.0244077800030724,0.07,1.94445401788475e-05,2.43041851413398e-10,1.94444444444e-05
1,25,500,981,564.189584,0.02,0,0.05,0,0,0,400000000,10,0.1,98,0.0852342221846361,0.0866658092304975,0.07,0.00120314559084238,0.00449349059007184,1.94444444444e-05,0.0723965818721994,0.0518654077363689,0.07,0.000549452149819683,0.00222503592311486,1.94444444444e-05
1,25,750,981,564.189584,0.02,0,0.05,0,0,0,400000000,10,0.1,18,0.0698399328867191,0.0012645370490494,0.07,0.000542800405289445,0.00152319384867343,1.94444444444e-05,0.0698399328867191,0.0012645370490494,0.07,0.000542800405289445,0.00152319384867343,1.94444444444e-05
1,36,250,628,564.189584,0.02,0,0.05,0,0,0,400000000,10,0.1,99,0.107812653965982,0.139767490782447,0.07,0.00106246547098231,0.00379399449464513,1.94444444444e-05,0.0637172248343522,0.0199698131468602,0.07,1.94444718852818e-05,9.97014373274208e-11,1.94444444444e-05
1,36,500,628,564.189584,0.02,0,0.05,0,0,0,400000000,10,0.1,94,0.113648175078741,0.145111977749265,0.07,0.00142943003359227,0.00494064806042781,1.94444444444e-05,0.0830497509945216,0.0900419235475148,0.07,0.000739146083476595,0.00400070156339903,1.94444444444e-05
1,49,250,436,564.189584,0.02,0,0.05,0,0,0,400000000,10,0.1,99,0.0807791243430915,0.0778480370424564,0.07,0.000755118690539547,0.00410194648213701,1.94444444444e-05,0.0650818436190491,0.0179206162454681,0.07,1.94444780019444e-05,1.26140641349065e-10,1.94444444444e-05
1,49,500,436,564.189584,0.02,0,0.05,0,0,0,400000000,10,0.1,87,0.0862263261229314,0.0880181748440397,0.07,0.000777341539764577,0.00345510473253522,1.94444444444e-05,0.0652050375212576,0.0177199771805848,0.07,1.94444744569644e-05,1.14745017134626e-10,1.94444444444e-05
1,64,250,320,564.189584,0.02,0,0.05,0,0,0,400000000,10,0.1,99,0.0902848549016641,0.100727157540461,0.07,0.000341211336372581,0.0015408628466473,1.94444444444e-05,0.0665350327491083,0.0151007884123999,0.07,1.94444533668949e-05,4.56108811349668e-11,1.94444444444e-05
1,64,500,320,564.189584,0.02,0,0.05,0,0,0,400000000,10,0.1,72,0.0913383602477282,0.103715480621511,0.07,0.000436767522427797,0.00210317630414272,1.94444444444e-05,0.0668119881997973,0.013974114181447,0.07,3.94286549222486e-05,0.000169571591515303,1.94444444444e-05
2,25,250,981,564.189584,0.02,0,0.05,0,0,0,400000000,10,0.1,99,0.0855337240356315,0.087783578435353,0.07,0.00150277569115554,0.00611806169143907,1.94444444444e-05,0.0615520954610433,0.0228624484222623,0.07,1.94445241856707e-05,2.19853340318891e-10,1.94444444444e-05
2,25,500,981,564.189584,0.02,0,0.05,0,0,0,400000000,10,0.1,98,0.0801308501501217,0.0695339244309859,0.07,0.000944353246426483,0.00384753093662043,1.94444444444e-05,0.0658567199192959,0.0163121371927014,0.07,0.000215446959576849,0.000912973774634571,1.94444444444e-05
2,25,750,981,564.189584,0.02,0,0.05,0,0,0,400000000,10,0.1,18,0.0697012317377902,0.00126756638527146,0.07,0.000282636965883583,0.00111663130000339,1.94444444444e-05,0.0697012317377902,0.00126756638527146,0.07,0.000282636965883583,0.00111663130000339,1.94444444444e-05
2,36,250,628,564.189584,0.02,0,0.05,0,0,0,400000000,10,0.1,99,0.0894251334494679,0.0984072255358658,0.07,0.000726984682735137,0.00298610875655201,1.94444444444e-05,0.0623211317787716,0.021832426654676,0.07,1.94444874575657e-05,1.35119327155616e-10,1.94444444444e-05
2,36,500,628,564.189584,0.02,0,0.05,0,0,0,400000000,10,0.1,94,0.0971621740571933,0.117035883333229,0.07,0.00105986946135987,0.00398134361323463,1.94444444444e-05,0.0898143627598681,0.100320782207309,0.07,0.000927400941084593,0.00379573873233367,1.94444444444e-05
2,49,250,436,564.189584,0.02,0,0.05,0,0,0,400000000,10,0.1,99,0.0805615674950919,0.0778133185888234,0.07,0.000562484640495026,0.00275672967308547,1.94444444444e-05,0.0637016120347566,0.0200194334150965,0.07,1.94444801624374e-05,1.25203016968372e-10,1.94444444444e-05
2,49,500,436,564.189584,0.02,0,0.05,0,0,0,400000000,10,0.1,87,0.0756186887670313,0.0555367564941079,0.07,0.000449571603716324,0.00219255127526388,1.94444444444e-05,0.0644167775254066,0.0189844658012851,0.07,1.96041221580575e-05,1.48909739813324e-06,1.94444444444e-05
2,64,250,320,564.189584,0.02,0,0.05,0,0,0,400000000,10,0.1,99,0.0851273123372668,0.0915792426669558,0.07,0.000347257100067677,0.00143103030016751,1.94444444444e-05,0.0651160266563508,0.0177965920871927,0.07,1.94444641131757e-05,7.92748701135419e-11,1.94444444444e-05
2,64,500,320,564.189584,0.02,0,0.05,0,0,0,400000000,10,0.1,72,0.0875615918948685,0.0871665494329712,0.07,0.000339272399331428,0.00149391182779978,1.94444444444e-05,0.0705186911994746,0.0244539868636824,0.07,9.07818301062473e-05,0.000460889850353166,1.94444444444e-05
3,25,250,981,564.189584,0.02,0,0.05,0,0,0,400000000,10,0.1,99,0.0732263558829373,0.0322879408552329,0.07,0.000341153414790365,0.00125057360980863,1.94444444444e-05,0.0651374500816548,0.0177291363469835,0.07,1.94444890287899e-05,1.76453621700379e-10,1.94444444444e-05
3,25,500,981,564.189584,0.02,0,0.05,0,0,0,400000000,10,0.1,98,0.0737072032310814,0.0383364597204618,0.07,0.000218502602229946,0.000912031733771995,1.94444444444e-05,0.0684857279010416,0.00944564889830917,0.07,0.000153534609610326,0.000753902784547365,1.94444444444e-05
3,25,750,981,564.189584,0.02,0,0.05,0,0,0,400000000,10,0.1,18,0.0700669052880379,0.000283855097212793,0.07,0.000259008343293867,0.00101638354442368,1.94444444444e-05,0.0700669052880379,0.000283855097212793,0.07,0.000259008343293867,0.00101638354442368,1.94444444444e-05
3,36,250,628,564.189584,0.02,0,0.05,0,0,0,400000000,10,0.1,99,0.0792624844415786,0.0649069720986558,0.07,0.000309620219741727,0.0015404072603142,1.94444444444e-05,0.0672015142926482,0.0137079195772739,0.07,1.94444624296758e-05,1.05686970880009e-10,1.94444444444e-05
3,36,500,628,564.189584,0.02,0,0.05,0,0,0,400000000,10,0.1,94,0.0872849646221288,0.095706934766511,0.07,0.000457702142073041,0.00253502106691841,1.94444444444e-05,0.0801135433164717,0.0739908744871013,0.07,0.000292361039748171,0.00198690937881704,1.94444444444e-05
3,49,250,436,564.189584,0.02,0,0.05,0,0,0,400000000,10,0.1,99,0.0807527225884896,0.0753122253819708,0.07,0.000311904401527513,0.00267602397736061,1.94444444444e-05,0.0686375881958535,0.00954113097330576,0.07,1.94444491301121e-05,4.2852487826447e-11,1.94444444444e-05
3,49,500,436,564.189584,0.02,0,0.05,0,0,0,400000000,10,0.1,87,0.0761607569822547,0.0574637156274528,0.07,0.000373293141489345,0.00330048092477979,1.94444444444e-05,0.0691997991219137,0.00746377690852617,0.07,1.94444502553414e-05,5.42008528999459e-11,1.94444444444e-05
3,64,250,320,564.189584,0.02,0,0.05,0,0,0,400000000,10,0.1,99,0.0699075745027489,0.000919622086332625,0.07,5.5102339820797e-05,0.000354791579331772,1.94444444444e-05,0.0697814993548793,0.00217405396894824,0.07,4.77479561950738e-05,0.0002816163861792,1.94444444444e-05
3,64,500,320,564.189584,0.02,0,0.05,0,0,0,400000000,10,0.1,72,0.07,2.79503539745159e-17,0.07,1.94444444444e-05,3.41190844415478e-21,1.94444444444e-05,0.07,2.79503539745159e-17,0.07,1.94444444444e-05,3.41190844415478e-21,1.94444444444e-05
4,25,250,981,564.189584,0.02,0,0.05,0,0,0,400000000,10,0.1,99,0.0753269144476692,0.0516075804477372,0.07,0.000801576004306999,0.0022908609276439,1.94444444444e-05,0.0601507406020316,0.0243924262769807,0.07,1.9444534286604e-05,2.33654680393199e-10,1.94444444444e-05
4,25,500,981,564.189584,0.02,0,0.05,0,0,0,400000000,10,0.1,98,0.0849189043019153,0.0826357862513139,0.07,0.00119157181052667,0.00364407782204856,1.94444444444e-05,0.070979833244754,0.0497100961801433,0.07,0.000799798024639402,0.00307645498173427,1.94444444444e-05
4,25,750,981,564.189584,0.02,0,0.05,0,0,0,400000000,10,0.1,18,0.0702250247511743,0.0031218417964731,0.07,0.000857827311578995,0.00196596266598639,1.94444444444e-05,0.0702250247511743,0.0031218417964731,0.07,0.000857827311578995,0.00196596266598639,1.94444444444e-05
4,36,250,628,564.189584,0.02,0,0.05,0,0,0,400000000,10,0.1,99,0.0937613939509677,0.104874728543063,0.07,0.000665518261641817,0.00245732225036189,1.94444444444e-05,0.0637196053479062,0.0199622631177815,0.07,1.94444723061545e-05,1.0409195927488e-10,1.94444444444e-05
4,36,500,628,564.189584,0.02,0,0.05,0,0,0,400000000,10,0.1,94,0.100343349696034,0.118216601444932,0.07,0.00109399233259048,0.00372891014433397,1.94444444444e-05,0.077224048826891,0.0728362602630679,0.07,0.000554803304914901,0.0027228860121079,1.94444444444e-05
4,49,250,436,564.189584,0.02,0,0.05,0,0,0,400000000,10,0.1,99,0.0740998069085519,0.0429699598803164,0.07,0.00034934115060741,0.00170192773337443,1.94444444444e-05,0.0657861233270067,0.0166745579738606,0.07,1.94444737651758e-05,1.23607653108933e-10,1.94444444444e-05
4,49,500,436,564.189584,0.02,0,0.05,0,0,0,400000000,10,0.1,87,0.075364908885507,0.0531795349117391,0.07,0.000338704290654896,0.00185392944305664,1.94444444444e-05,0.0667296248052121,0.01463776020413,0.07,5.42553610362586e-05,0.000324694439501285,1.94444444444e-05
4,64,250,320,564.189584,0.02,0,0.05,0,0,0,400000000,10,0.1,99,0.0842628384786927,0.082338704275025,0.07,0.000285709298050113,0.00133491196974573,1.94444444444e-05,0.0665221685401534,0.0151567654862162,0.07,1.94444554993182e-05,5.43299081861345e-11,1.94444444444e-05
4,64,500,320,564.189584,0.02,0,0.05,0,0,0,400000000,10,0.1,72,0.0747154127707625,0.0409668250749527,0.07,0.000147390359792674,0.000856817317294465,1.94444444444e-05,0.0706931354885244,0.0148262955885648,0.07,6.57114710578028e-05,0.000352748328226026,1.94444444444e-05
5,25,250,981,564.189584,0.02,0,0.05,0,0,0,400000000,10,0.1,99,0.0989428297120571,0.115812215860894,0.07,0.00169945083243042,0.00716931766227151,1.94444444444e-05,0.0636968628560665,0.0200353697451376,0.07,1.94444940231505e-05,1.76547331183319e-10,1.94444444444e-05
5,25,500,981,564.189584,0.02,0,0.05,0,0,0,400000000,10,0.1,98,0.0934921733531312,0.101020646891707,0.07,0.001286619211261,0.00541512252954387,1.94444444444e-05,0.0692731951094824,0.0266709169160879,0.07,0.000309410523106435,0.00136230256995792,1.94444444444e-05
5,25,750,981,564.189584,0.02,0,0.05,0,0,0,400000000,10,0.1,18,0.0953082855777874,0.106381125387533,0.07,0.00154123126175807,0.00393804102804739,1.94444444444e-05,0.0953082855777874,0.106381125387533,0.07,0.00154123126175807,0.00393804102804739,1.94444444444e-05
5,36,250,628,564.189584,0.02,0,0.05,0,0,0,400000000,10,0.1,99,0.0820252348885603,0.0701512286077692,0.07,0.000486607399121318,0.00181816923775825,1.94444444444e-05,0.0646986128685201,0.0181652991904471,0.07,4.55088135930757e-05,0.000253757830361726,1.94444444444e-05
5,36,500,628,564.189584,0.02,0,0.05,0,0,0,400000000,10,0.1,94,0.0863673011546759,0.0909815295916669,0.07,0.000820930185580048,0.00368718005142176,1.94444444444e-05,0.0741645667160209,0.0525168290383244,0.07,0.00049042526515842,0.00290297448868868,1.94444444444e-05
5,49,250,436,564.189584,0.02,0,0.05,0,0,0,400000000,10,0.1,99,0.0736454816616372,0.0398583000833185,0.07,0.000184388457110935,0.000660408702359105,1.94444444444e-05,0.0658156350001387,0.0165600916029245,0.07,1.94444669470343e-05,9.63490051955948e-11,1.94444444444e-05
5,49,500,436,564.189584,0.02,0,0.05,0,0,0,400000000,10,0.1,87,0.0801364507035315,0.068727515104635,0.07,0.000341543768723809,0.00190959800569825,1.94444444444e-05,0.0660328368214065,0.0161604361732243,0.07,1.9444462898923e-05,8.21289014936642e-11,1.94444444444e-05
5,64,250,320,564.189584,0.02,0,0.05,0,0,0,400000000,10,0.1,99,0.0698185950886971,0.00172857021116825,0.07,0.000132487009304903,0.000571761644516948,1.94444444444e-05,0.0672841597073142,0.0133216142997744,0.07,2.4538249288403e-05,4.79436891509527e-05,1.94444444444e-05
5,64,500,320,564.189584,0.02,0,0.05,0,0,0,400000000,10,0.1,72,0.0779658081826373,0.0615608748659239,0.07,0.000318919871097173,0.00185345938496709,1.94444444444e-05,0.0755464959168232,0.05585599151666,0.07,0.000293339248650561,0.00170325888151115,1.94444444444e-05
6,25,250,981,564.189584,0.02,0,0.05,0,0,0,400000000,10,0.1,99,0.0910963991617832,0.103783847275625,0.07,0.00116457357183953,0.00498304095427013,1.94444444444e-05,0.0636783480909529,0.020092697631847,0.07,1.94444936303414e-05,1.72606455618996e-10,1.94444444444e-05
6,25,500,981,564.189584,0.02,0,0.05,0,0,0,400000000,10,0.1,98,0.0904032094927596,0.100334197980447,0.07,0.00116808697106823,0.00463023263739729,1.94444444444e-05,0.069113106463764,0.0328118959564139,0.07,0.0002606283677183,0.00107104480026716,1.94444444444e-05
6,25,750,981,564.189584,0.02,0,0.05,0,0,0,400000000,10,0.1,18,0.0985725953800876,0.121223255696156,0.07,0.00114549906798139,0.00477744516173684,1.94444444444e-05,0.0985725953800876,0.121223255696156,0.07,0.00114549906798139,0.00477744516173684,1.94444444444e-05
6,36,250,628,564.189584,0.02,0,0.05,0,0,0,400000000,10,0.1,99,0.0923191582372581,0.109597444892746,0.07,0.000688290564474301,0.00313123651969229,1.94444444444e-05,0.0658018539976954,0.0166124572718357,0.07,1.94444657124899e-05,9.63806542739178e-11,1.94444444444e-05
6,36,500,628,564.189584,0.02,0,0.05,0,0,0,400000000,10,0.1,94,0.0977519686132455,0.118873535622757,0.07,0.00097461481351674,0.00428507645730558,1.94444444444e-05,0.0965535871297503,0.115126268883695,0.07,0.000954641788791821,0.00425345493417019,1.94444444444e-05
6,49,250,436,564.189584,0.02,0,0.05,0,0,0,400000000,10,0.1,99,0.0796813792983447,0.0678659376474505,0.07,0.000390157771785837,0.00223970861462063,1.94444444444e-05,0.0671955517313789,0.0137368520082983,0.07,1.94444599886182e-05,8.0545112228927e-11,1.94444444444e-05
6,49,500,436,564.189584,0.02,0,0.05,0,0,0,400000000,10,0.1,87,0.0872947810794917,0.0925596131799768,0.07,0.000653460585042913,0.00345155122132274,1.94444444444e-05,0.0668142245706141,0.0145962629542223,0.07,1.94444598657437e-05,7.52773809002757e-11,1.94444444444e-05
6,64,250,320,564.189584,0.02,0,0.05,0,0,0,400000000,10,0.1,99,0.0733927531390074,0.035577854539566,0.07,0.000143212220747908,0.000786602138751885,1.94444444444e-05,0.0685063552743298,0.00981537837476262,0.07,4.67426628625242e-05,0.000271613784307184,1.94444444444e-05
6,64,500,320,564.189584,0.02,0,0.05,0,0,0,400000000,10,0.1,72,0.0820602874067117,0.0734261821281652,0.07,0.000211213204197993,0.00110191080787232,1.94444444444e-05,0.0707926019623308,0.0171402327237046,0.07,7.43390717505931e-05,0.000364188541296107,1.94444444444e-05
7,25,250,981,564.189584,0.02,0,0.05,0,0,0,400000000,10,0.1,99,0.0993249778303851,0.117321757956328,0.07,0.00141884400794062,0.00561344750688312,1.94444444444e-05,0.0617649608304571,0.0223469030620944,0.07,1.94445005326485e-05,1.78795124338255e-10,1.94444444444e-05
7,25,500,981,564.189584,0.02,0,0.05,0,0,0,400000000,10,0.1,98,0.0849893997744064,0.0836766557296031,0.07,0.00123986974403647,0.00565895754817617,1.94444444444e-05,0.0714683541684474,0.0524774943147003,0.07,0.000664378714663514,0.00491355143556254,1.94444444444e-05
7,25,750,981,564.189584,0.02,0,0.05,0,0,0,400000000,10,0.1,18,0.0700553297430083,0.000234744218894748,0.07,0.000299937583196811,0.00119003160292877,1.94444444444e-05,0.0700553297430083,0.000234744218894748,0.07,0.000299937583196811,0.00119003160292877,1.94444444444e-05
7,36,250,628,564.189584,0.02,0,0.05,0,0,0,400000000,10,0.1,99,0.0835329472485096,0.0785782814976437,0.07,0.000517102973462767,0.0029583785629638,1.94444444444e-05,0.0658073347170375,0.0165912508599491,0.07,1.94444661053061e-05,9.53861167697672e-11,1.94444444444e-05
7,36,500,628,564.189584,0.02,0,0.05,0,0,0,400000000,10,0.1,94,0.0902570921229764,0.0964695577777518,0.07,0.000699495683898174,0.00294670481971906,1.94444444444e-05,0.0746784219852255,0.0521170830147101,0.07,0.000280132228216881,0.00143614538919895,1.94444444444e-05
7,49,250,436,564.189584,0.02,0,0.05,0,0,0,400000000,10,0.1,99,0.0752825132630051,0.0532808015279143,0.07,0.000300850216339227,0.00194082911783194,1.94444444444e-05,0.0671912912405266,0.0137576281215619,0.07,1.94444612792899e-05,8.42711174199681e-11,1.94444444444e-05
7,49,500,436,564.189584,0.02,0,0.05,0,0,0,400000000,10,0.1,87,0.0758226382641139,0.054309954178409,0.07,0.000262219597142624,0.00226445587388785,1.94444444444e-05,0.0692014978500515,0.00744793222727677,0.07,1.94444486270011e-05,3.90127063487687e-11,1.94444444444e-05
7,64,250,320,564.189584,0.02,0,0.05,0,0,0,400000000,10,0.1,99,0.0863148113288312,0.0940508674370836,0.07,0.000395209487653882,0.00214188220600425,1.94444444444e-05,0.0679076510799128,0.0118963679935909,0.07,1.94444506452525e-05,3.55235451557837e-11,1.94444444444e-05
7,64,500,320,564.189584,0.02,0,0.05,0,0,0,400000000,10,0.1,72,0.0768494092040549,0.0581191643437046,0.07,0.000123462801733033,0.000882625029680134,1.94444444444e-05,0.0690480325434018,0.008077711728354,0.07,1.94444462576597e-05,1.53860189475019e-11,1.94444444444e-05
8,25,250,981,564.189584,0.02,0,0.05,0,0,0,400000000,10,0.1,99,0.0799561872922839,0.0690480497662153,0.07,0.000709058968372728,0.00253728496683607,1.94444444444e-05,0.0636690897569544,0.0201220581355853,0.07,1.94445026370141e-05,1.95089156811074e-10,1.94444444444e-05
8,25,500,981,564.189584,0.02,0,0.05,0,0,0,400000000,10,0.1,98,0.0819939396507623,0.0812566650195991,0.07,0.00082468345936539,0.00282341390813525,1.94444444444e-05,0.0710252581358957,0.0436124405609364,0.07,0.000373531081746095,0.00156039339322883,1.94444444444e-05
8,25,750,981,564.189584,0.02,0,0.05,0,0,0,400000000,10,0.1,18,0.07,2.85602516873777e-17,0.07,1.94444444444e-05,3.48635884855684e-21,1.94444444444e-05,0.07,2.85602516873777e-17,0.07,1.94444444444e-05,3.48635884855684e-21,1.94444444444e-05
8,36,250,628,564.189584,0.02,0,0.05,0,0,0,400000000,10,0.1,99,0.0935153323486886,0.10326928255952,0.07,0.000706153373270945,0.00280772983116797,1.94444444444e-05,0.0644177371762944,0.0189244351132639,0.07,1.94444716327515e-05,1.05144682705008e-10,1.94444444444e-05
8,36,500,628,564.189584,0.02,0,0.05,0,0,0,400000000,10,0.1,94,0.090857604868607,0.100370407367047,0.07,0.000758534476307105,0.00345228888009382,1.94444444444e-05,0.0780551445528676,0.0665697335719292,0.07,0.000463755391422871,0.00283967631438545,1.94444444444e-05
8,49,250,436,564.189584,0.02,0,0.05,0,0,0,400000000,10,0.1,99,0.0810582113893105,0.0776936579574258,0.07,0.000579882886671347,0.00338398124035207,1.94444444444e-05,0.0664886587883537,0.0153023342253194,0.07,1.94444670031636e-05,1.02341978644626e-10,1.94444444444e-05
8,49,500,436,564.189584,0.02,0,0.05,0,0,0,400000000,10,0.1,87,0.0827950813272374,0.0833658948215178,0.07,0.000547136479679804,0.00266958734182432,1.94444444444e-05,0.0660061703575507,0.0162676214422589,0.07,1.94444700508517e-05,1.11173597460795e-10,1.94444444444e-05
8,64,250,320,564.189584,0.02,0,0.05,0,0,0,400000000,10,0.1,99,0.0786624278315221,0.0611039141668384,0.07,0.000201185798616351,0.000984407368580142,1.94444444444e-05,0.0672136486521521,0.0136485946985776,0.07,1.94444548539768e-05,5.78753701578441e-11,1.94444444444e-05
8,64,500,320,564.189584,0.02,0,0.05,0,0,0,400000000,10,0.1,72,0.075849265149074,0.0520578980583587,0.07,0.000198989209354504,0.00131805574780277,1.94444444444e-05,0.068146655838909,0.0110487132352389,0.07,2.21450699073069e-05,2.29155413773144e-05,1.94444444444e-05
9,25,250,981,564.189584,0.02,0,0.05,0,0,0,400000000,10,0.1,99,0.0849624553651156,0.0847560234879607,0.07,0.00164333378639904,0.0061216764303491,1.94444444444e-05,0.0601393525736736,0.0244205717765854,0.07,1.94445520474131e-05,2.7258135990023e-10,1.94444444444e-05
9,25,500,981,564.189584,0.02,0,0.05,0,0,0,400000000,10,0.1,98,0.08436533393823,0.0801305970045846,0.07,0.00123689060158586,0.00436756351416143,1.94444444444e-05,0.0693299588767529,0.0444865829335441,0.07,0.000520240891294959,0.00245141605991819,1.94444444444e-05
9,25,750,981,564.189584,0.02,0,0.05,0,0,0,400000000,10,0.1,18,0.0701774096338731,0.000752685330956855,0.07,0.000324466114105406,0.00129409734615684,1.94444444444e-05,0.0701774096338731,0.000752685330956855,0.07,0.000324466114105406,0.00129409734615684,1.94444444444e-05
9,36,250,628,564.189584,0.02,0,0.05,0,0,0,400000000,10,0.1,99,0.11685364492896,0.141673346437756,0.07,0.00118466804881498,0.00364318411811493,1.94444444444e-05,0.0623715966221363,0.0216928310696823,0.07,1.9444470257897e-05,8.26374864654576e-11,1.94444444444e-05
9,36,500,628,564.189584,0.02,0,0.05,0,0,0,400000000,10,0.1,94,0.112216294486035,0.14009759289823,0.07,0.00125777264782619,0.00435154329284529,1.94444444444e-05,0.0816967490018778,0.0817858714617363,0.07,0.000582612133774165,0.00307724974849699,1.94444444444e-05
9,49,250,436,564.189584,0.02,0,0.05,0,0,0,400000000,10,0.1,99,0.0698822532234609,0.0026806362940066,0.07,0.000261162861636974,0.000972840872041847,1.94444444444e-05,0.0657777195018153,0.0167077327749999,0.07,1.94444799379576e-05,1.40881198782866e-10,1.94444444444e-05
9,49,500,436,564.189584,0.02,0,0.05,0,0,0,400000000,10,0.1,87,0.0811265973822235,0.073168841690903,0.07,0.000565973523696779,0.00331173974811064,1.94444444444e-05,0.0676014346818365,0.0127656065327531,0.07,1.94444604085299e-05,8.74578206445794e-11,1.94444444444e-05
9,64,250,320,564.189584,0.02,0,0.05,0,0,0,400000000,10,0.1,99,0.0784180534476077,0.0604216243682487,0.07,0.000133266728622292,0.000751427196248429,1.94444444444e-05,0.0679339194323234,0.0117487000220445,0.07,1.94444496632212e-05,3.64456985291733e-11,1.94444444444e-05
9,64,500,320,564.189584,0.02,0,0.05,0,0,0,400000000,10,0.1,72,0.0815206810299783,0.0686404544346658,0.07,0.000186465525810861,0.00108869560855838,1.94444444444e-05,0.0682211191222747,0.0106295002783252,0.07,2.02202613310319e-05,6.5830033317429e-06,1.94444444444e-05
10,25,250,981,564.189584,0.02,0,0.05,0,0,0,400000000,10,0.1,99,0.0797204557321962,0.0686701986249684,0.07,0.00106684490639649,0.00448822445531945,1.94444444444e-05,0.0615538309451434,0.0228577871030018,0.07,1.94445252518828e-05,2.25640623255111e-10,1.94444444444e-05
10,25,500,981,564.189584,0.02,0,0.05,0,0,0,400000000,10,0.1,98,0.0758017795166068,0.0559019731481547,0.07,0.000659178467755732,0.00218417482839465,1.94444444444e-05,0.0697948973433989,0.0129073579689831,0.07,0.000448936686083122,0.00141022316294244,1.94444444444e-05
10,25,750,981,564.189584,0.02,0,0.05,0,0,0,400000000,10,0.1,18,0.0699364123580794,0.000269779516810264,0.07,0.000227693182434367,0.000883524568837476,1.94444444444e-05,0.0699364123580794,0.000269779516810264,0.07,0.000227693182434367,0.000883524568837476,1.94444444444e-05
10,36,250,628,564.189584,0.02,0,0.05,0,0,0,400000000,10,0.1,99,0.0897781598027804,0.0988322874216015,0.07,0.000639509081954809,0.00255271856515168,1.94444444444e-05,0.0645210468221763,0.0186033003889962,0.07,2.63555441169475e-05,6.87643292751935e-05,1.94444444444e-05
10,36,500,628,564.189584,0.02,0,0.05,0,0,0,400000000,10,0.1,94,0.0900175201166566,0.0964333479913371,0.07,0.000630336071124664,0.00244414937293148,1.94444444444e-05,0.0703440835002268,0.0297335018019956,0.07,0.000239647037402389,0.00104072764556692,1.94444444444e-05
10,49,250,436,564.189584,0.02,0,0.05,0,0,0,400000000,10,0.1,99,0.0819667922978966,0.0865950198569009,0.07,0.000297373170599656,0.00146902625383673,1.94444444444e-05,0.0659578887109229,0.0160717884139732,0.07,1.94444677046101e-05,1.04368518754578e-10,1.94444444444e-05
10,49,500,436,564.189584,0.02,0,0.05,0,0,0,400000000,10,0.1,87,0.0802686753197515,0.0700238459301188,0.07,0.000539819493447764,0.00264264704035346,1.94444444444e-05,0.0652058631381921,0.0177169373291499,0.07,1.94444737864517e-05,1.11459933865263e-10,1.94444444444e-05
10,64,250,320,564.189584,0.02,0,0.05,0,0,0,400000000,10,0.1,99,0.0917284328061616,0.107210110050251,0.07,0.000523135919376659,0.0023968168202411,1.94444444444e-05,0.0666215955582843,0.0147528439992818,0.07,2.40196498724889e-05,4.55226419567787e-05,1.94444444444e-05
10,64,500,320,564.189584,0.02,0,0.05,0,0,0,400000000,10,0.1,72,0.0832935392966833,0.0793152598713409,0.07,0.000355645291954204,0.00211191966371334,1.94444444444e-05,0.0691129044321798,0.0081307166513121,0.07,4.83518155433625e-05,0.000245287159305745,1.94444444444e-05
11,25,250,981,564.189584,0.02,0,0.05,0,0,0,400000000,10,0.1,99,0.107720585579408,0.138206776233938,0.07,0.00252108878820575,0.00796823070672219,1.94444444444e-05,0.0573446565249825,0.0269828597355594,0.07,1.94445497466697e-05,2.36382035720848e-10,1.94444444444e-05
11,25,500,981,564.189584,0.02,0,0.05,0,0,0,400000000,10,0.1,98,0.0966578861859026,0.114164661938783,0.07,0.00160959521724542,0.00502502522059027,1.94444444444e-05,0.0725233518884111,0.0467994812146673,0.07,0.000706719404190882,0.00232272776422878,1.94444444444e-05
11,25,750,981,564.189584,0.02,0,0.05,0,0,0,400000000,10,0.1,18,0.0693034638495519,0.0020494461024551,0.07,0.000267300745205122,0.000817199754720939,1.94444444444e-05,0.0693034638495519,0.0020494461024551,0.07,0.000267300745205122,0.000817199754720939,1.94444444444e-05
11,36,250,628,564.189584,0.02,0,0.05,0,0,0,400000000,10,0.1,99,0.0959141107529708,0.114269749337008,0.07,0.00100366398771872,0.0035684276378683,1.94444444444e-05,0.0629850460257803,0.0210342986188612,0.07,1.94444882431879e-05,1.44401335172707e-10,1.94444444444e-05
11,36,500,628,564.189584,0.02,0,0.05,0,0,0,400000000,10,0.1,94,0.101245780583469,0.122358901004655,0.07,0.000994276346340652,0.00364838390262493,1.94444444444e-05,0.0810851049895705,0.0733601389792412,0.07,0.000503635267399003,0.00234921305758457,1.94444444444e-05
11,49,250,436,564.189584,0.02,0,0.05,0,0,0,400000000,10,0.1,99,0.0741928998781536,0.045956099752579,0.07,0.000251157917557437,0.00107034200181502,1.94444444444e-05,0.0657909755274186,0.0166554221017747,0.07,1.94444693600404e-05,1.03301543260881e-10,1.94444444444e-05
11,49,500,436,564.189584,0.02,0,0.05,0,0,0,400000000,10,0.1,87,0.091474608764463,0.0990794732197255,0.07,0.000924788902925196,0.00432630218878287,1.94444444444e-05,0.0660140994026873,0.0162354883456626,0.07,1.94444656766851e-05,9.17990012440744e-11,1.94444444444e-05
11,64,250,320,564.189584,0.02,0,0.05,0,0,0,400000000,10,0.1,99,0.0808013058064133,0.0769835160060167,0.07,0.000343801466810114,0.00168303745505423,1.94444444444e-05,0.0658179946078441,0.0165490654615904,0.07,2.00056313971192e-05,5.58358033526152e-06,1.94444444444e-05
11,64,500,320,564.189584,0.02,0,0.05,0,0,0,400000000,10,0.1,72,0.0848984971831267,0.0886021824481742,0.07,0.000246803108073631,0.00137348676916571,1.94444444444e-05,0.0754436073311304,0.0544173237452868,0.07,8.77292220504236e-05,0.000441212813254898,1.94444444444e-05
12,25,250,981,564.189584,0.02,0,0.05,0,0,0,400000000,10,0.1,99,0.0813417722579429,0.0742824882229135,0.07,0.000926705737824309,0.00326862566735875,1.94444444444e-05,0.0610261770665421,0.0232582253184786,0.07,1.94445219971394e-05,2.20168073474094e-10,1.94444444444e-05
12,25,500,981,564.189584,0.02,0,0.05,0,0,0,400000000,10,0.1,98,0.0855556787868979,0.0842557493090492,0.07,0.00135754844263051,0.00441577235065381,1.94444444444e-05,0.0699758698851421,0.0519498165412923,0.07,0.000536228065892654,0.0021909475110619,1.94444444444e-05
12,25,750,981,564.189584,0.02,0,0.05,0,0,0,400000000,10,0.1,18,0.07,2.85602516873777e-17,0.07,1.94444444444e-05,3.48635884855684e-21,1.94444444444e-05,0.07,2.85602516873777e-17,0.07,1.94444444444e-05,3.48635884855684e-21,1.94444444444e-05
12,36,250,628,564.189584,0.02,0,0.05,0,0,0,400000000,10,0.1,99,0.0948258214327389,0.10972595600265,0.07,0.000845589290690057,0.00309733079912994,1.94444444444e-05,0.0636928885938859,0.0200464823048382,0.07,1.94444780861303e-05,1.16348784595594e-10,1.94444444444e-05
12,36,500,628,564.189584,0.02,0,0.05,0,0,0,400000000,10,0.1,94,0.090525160153904,0.0978784325460463,0.07,0.00087593467798096,0.00379771225889244,1.94444444444e-05,0.0835842505232375,0.0805075579495572,0.07,0.000635207119950738,0.00295964119726929,1.94444444444e-05
12,49,250,436,564.189584,0.02,0,0.05,0,0,0,400000000,10,0.1,99,0.0757396128333154,0.0577571013087061,0.07,0.00035341103399911,0.00279105653924884,1.94444444444e-05,0.0678928625542866,0.0119804307450025,0.07,1.94444570705747e-05,7.18569787853389e-11,1.94444444444e-05
12,49,500,436,564.189584,0.02,0,0.05,0,0,0,400000000,10,0.1,87,0.0816182029840637,0.0756947203409316,0.07,0.000416235890916582,0.00236810733250239,1.94444444444e-05,0.0660584790261911,0.0160616148002785,0.07,1.94444672411632e-05,1.07161850798554e-10,1.94444444444e-05
12,64,250,320,564.189584,0.02,0,0.05,0,0,0,400000000,10,0.1,99,0.0750112661075595,0.0512012708454201,0.07,0.000178071451564643,0.00111981469093587,1.94444444444e-05,0.0679731695944324,0.0115273986768242,0.07,2.24657039910677e-05,2.19934254252467e-05,1.94444444444e-05
12,64,500,320,564.189584,0.02,0,0.05,0,0,0,400000000,10,0.1,72,0.0846633133321248,0.0888012501009249,0.07,0.000364342538947481,0.00190324791119409,1.94444444444e-05,0.0704235386314981,0.0152924086754006,0.07,9.12469558200514e-05,0.000422047253726127,1.94444444444e-05
13,25,250,981,564.189584,0.02,0,0.05,0,0,0,400000000,10,0.1,99,0.0955958716774319,0.113655703908967,0.07,0.00111226098784587,0.00438922864959898,1.94444444444e-05,0.060929361939467,0.0234547576933627,0.07,1.94445095673869e-05,1.95289603243352e-10,1.94444444444e-05
13,25,500,981,564.189584,0.02,0,0.05,0,0,0,400000000,10,0.1,98,0.0890690818243602,0.0927352574033298,0.07,0.00098780601262469,0.00300865670518593,1.94444444444e-05,0.075300806714865,0.0622606739085911,0.07,0.000569265233560152,0.00190437277340717,1.94444444444e-05
13,25,750,981,564.189584,0.02,0,0.05,0,0,0,400000000,10,0.1,18,0.0689102569551293,0.004623388180674,0.07,5.87963041666389e-05,0.000166955801171381,1.94444444444e-05,0.0689102569551293,0.004623388180674,0.07,5.87963041666389e-05,0.000166955801171381,1.94444444444e-05
13,36,250,628,564.189584,0.02,0,0.05,0,0,0,400000000,10,0.1,99,0.0851635216450379,0.0864352237919086,0.07,0.000474706952393022,0.00181559984695832,1.94444444444e-05,0.0651043987485952,0.0178389240713376,0.07,1.95847655721424e-05,1.39594097878271e-06,1.94444444444e-05
13,36,500,628,564.189584,0.02,0,0.05,0,0,0,400000000,10,0.1,94,0.091945112713565,0.105411799770842,0.07,0.000834305819945488,0.00414662915273096,1.94444444444e-05,0.0865365456647754,0.0950553720322181,0.07,0.000728372900976256,0.00402000650113195,1.94444444444e-05
13,49,250,436,564.189584,0.02,0,0.05,0,0,0,400000000,10,0.1,99,0.0748698958800728,0.0512345735047854,0.07,0.000185022319017741,0.00115078575402591,1.94444444444e-05,0.0678974710785133,0.0119543487175967,0.07,1.94444562568768e-05,7.27401721671789e-11,1.94444444444e-05
13,49,500,436,564.189584,0.02,0,0.05,0,0,0,400000000,10,0.1,87,0.0885726031328991,0.0989590130418577,0.07,0.00070241376385466,0.00393832663018891,1.94444444444e-05,0.0676813268104591,0.0123544949994047,0.07,2.06970126671874e-05,1.16830915370216e-05,1.94444444444e-05
13,64,250,320,564.189584,0.02,0,0.05,0,0,0,400000000,10,0.1,99,0.073605421861829,0.0370266253226479,0.07,0.000138920251198135,0.000765973324448943,1.94444444444e-05,0.0685344590095841,0.00976776418508297,0.07,4.38942345469253e-05,0.000241866182102041,1.94444444444e-05
13,64,500,320,564.189584,0.02,0,0.05,0,0,0,400000000,10,0.1,72,0.0697720159687617,0.00193450865389048,0.07,5.24583684794514e-05,0.000280132434705149,1.94444444444e-05,0.0697720159687617,0.00193450865389048,0.07,5.24583684794514e-05,0.000280132434705149,1.94444444444e-05
14,25,250,981,564.189584,0.02,0,0.05,0,0,0,400000000,10,0.1,99,0.0757700416024182,0.0548353551018188,0.07,0.000583866942625277,0.00207497578420118,1.94444444444e-05,0.0636695371132099,0.0201206388415101,0.07,1.94445024686778e-05,1.97062224840506e-10,1.94444444444e-05
14,25,500,981,564.189584,0.02,0,0.05,0,0,0,400000000,10,0.1,98,0.0803396659211712,0.0741049393956061,0.07,0.000581970437388967,0.00235203545959953,1.94444444444e-05,0.0666780166067014,0.0137874815697577,0.07,0.000165223580994915,0.000735000050313525,1.94444444444e-05
14,25,750,981,564.189584,0.02,0,0.05,0,0,0,400000000,10,0.1,18,0.0909589515737605,0.0889213007061988,0.07,0.000225429534719567,0.000873920724941361,1.94444444444e-05,0.0909589515737605,0.0889213007061988,0.07,0.000225429534719567,0.000873920724941361,1.94444444444e-05
14,36,250,628,564.189584,0.02,0,0.05,0,0,0,400000000,10,0.1,99,0.0948105066911531,0.109397477336201,0.07,0.000785705708193484,0.00311451577174967,1.94444444444e-05,0.0644028207879331,0.0189739642046044,0.07,1.94444723061465e-05,1.0553420114922e-10,1.94444444444e-05
14,36,500,628,564.189584,0.02,0,0.05,0,0,0,400000000,10,0.1,94,0.0750916288014652,0.0503818420589726,0.07,0.000416454129796412,0.00208070920109808,1.94444444444e-05,0.0698876187751692,0.0016476180789972,0.07,0.000242987128919879,0.000883348076642466,1.94444444444e-05
14,49,250,436,564.189584,0.02,0,0.05,0,0,0,400000000,10,0.1,99,0.075167266598189,0.0520986237632279,0.07,0.000324169255205778,0.00150231871914236,1.94444444444e-05,0.0657863530111535,0.0166736313468482,0.07,1.94444717730414e-05,1.11880498467494e-10,1.94444444444e-05
14,49,500,436,564.189584,0.02,0,0.05,0,0,0,400000000,10,0.1,87,0.0755714096133764,0.0543603555211793,0.07,0.000305221734818715,0.00180320286513759,1.94444444444e-05,0.0668040795102811,0.0146425294853316,0.07,1.94444635694241e-05,8.95233279132264e-11,1.94444444444e-05
14,64,250,320,564.189584,0.02,0,0.05,0,0,0,400000000,10,0.1,99,0.0843232085812621,0.0817322042364472,0.07,0.000374539415637255,0.00185781993544568,1.94444444444e-05,0.0665327152965168,0.0151119915018952,0.07,1.98710471119343e-05,4.24453831779411e-06,1.94444444444e-05
14,64,500,320,564.189584,0.02,0,0.05,0,0,0,400000000,10,0.1,72,0.0698719066173251,0.000828161414834416,0.07,9.55651204040834e-05,0.000453558058995192,1.94444444444e-05,0.0681585380344857,0.0109841622521512,0.07,2.33024807869069e-05,3.27364744543499e-05,1.94444444444e-05
15,25,250,981,564.189584,0.02,0,0.05,0,0,0,400000000,10,0.1,99,0.0982863193594944,0.123775041127844,0.07,0.00179914210988828,0.00742039456098151,1.94444444444e-05,0.0636768437725105,0.0200977395092754,0.07,1.94444996067364e-05,1.85373454982464e-10,1.94444444444e-05
15,25,500,981,564.189584,0.02,0,0.05,0,0,0,400000000,10,0.1,98,0.0807661013873247,0.0724153173974775,0.07,0.000988367870782574,0.00429310855399842,1.94444444444e-05,0.0697586697649431,0.0223168081758247,0.07,0.000397039566386166,0.00137973107903563,1.94444444444e-05
15,25,750,981,564.189584,0.02,0,0.05,0,0,0,400000000,10,0.1,18,0.0944398610395382,0.103689548833886,0.07,0.00126168155550068,0.00527036571041688,1.94444444444e-05,0.0944398610395382,0.103689548833886,0.07,0.00126168155550068,0.00527036571041688,1.94444444444e-05
15,36,250,628,564.189584,0.02,0,0.05,0,0,0,400000000,10,0.1,99,0.0890370662414363,0.0955768223122261,0.07,0.000518601283952066,0.00200511199805393,1.94444444444e-05,0.0651380101116597,0.0177174821066245,0.07,2.16612713981555e-05,2.20569770938191e-05,1.94444444444e-05
15,36,500,628,564.189584,0.02,0,0.05,0,0,0,400000000,10,0.1,94,0.0816810728567951,0.078973889742669,0.07,0.000403579698737601,0.0016950400268534,1.94444444444e-05,0.0690312422478257,0.00747114833563385,0.07,0.000202624681594286,0.000860770339368083,1.94444444444e-05
15,49,250,436,564.189584,0.02,0,0.05,0,0,0,400000000,10,0.1,99,0.0845763956882327,0.0832165813345576,0.07,0.00085291195857398,0.00435732750139671,1.94444444444e-05,0.0650854188199734,0.0179076926675775,0.07,1.94444778055475e-05,1.28790436638519e-10,1.94444444444e-05
15,49,500,436,564.189584,0.02,0,0.05,0,0,0,400000000,10,0.1,87,0.0801071370257802,0.0681598148900752,0.07,0.000484902007541959,0.00317820124527159,1.94444444444e-05,0.0668134025148788,0.0146001893818037,0.07,1.94444624838586e-05,8.95558181805756e-11,1.94444444444e-05
15,64,250,320,564.189584,0.02,0,0.05,0,0,0,400000000,10,0.1,99,0.0886779377298433,0.0932202223814863,0.07,0.000332822302247825,0.00123839903384988,1.94444444444e-05,0.0655771923423261,0.0162888830204963,0.07,3.81376992869717e-05,0.000133610817400863,1.94444444444e-05
15,64,500,320,564.189584,0.02,0,0.05,0,0,0,400000000,10,0.1,72,0.079229346405029,0.0787319299224674,0.07,0.000112003847835683,0.000558923840704652,1.94444444444e-05,0.068913130217655,0.00742845534654675,0.07,5.04022126853611e-05,0.000259240939845875,1.94444444444e-05
16,25,250,981,564.189584,0.02,0,0.05,0,0,0,400000000,10,0.1,99,0.101561220948085,0.12428815777566,0.07,0.0015609881853803,0.00589367684279948,1.94444444444e-05,0.0622797749157447,0.0219474861906831,0.07,1.94445013744081e-05,1.80732252102119e-10,1.94444444444e-05
16,25,500,981,564.189584,0.02,0,0.05,0,0,0,400000000,10,0.1,98,0.0852482666955195,0.0867014415678889,0.07,0.000666984789224551,0.00253261643225262,1.94444444444e-05,0.0739103996579045,0.055236488799202,0.07,0.000347869270991075,0.00157471033052069,1.94444444444e-05
16,25,750,981,564.189584,0.02,0,0.05,0,0,0,400000000,10,0.1,18,0.07,2.85602516873777e-17,0.07,1.94444444444e-05,3.48635884855684e-21,1.94444444444e-05,0.07,2.85602516873777e-17,0.07,1.94444444444e-05,3.48635884855684e-21,1.94444444444e-05
16,36,250,628,564.189584,0.02,0,0.05,0,0,0,400000000,10,0.1,99,0.0898494930078139,0.0991127077205438,0.07,0.000540673496972295,0.00213106357883996,1.94444444444e-05,0.0651148832626991,0.0178006448794256,0.07,1.98653473622727e-05,4.18773655981119e-06,1.94444444444e-05
16,36,500,628,564.189584,0.02,0,0.05,0,0,0,400000000,10,0.1,94,0.0754287375404099,0.0525326745117422,0.07,0.000365365465614613,0.00147428822957005,1.94444444444e-05,0.0722117381507378,0.02610513908263,0.07,0.000287913998487188,0.00109247350681874,1.94444444444e-05
16,49,250,436,564.189584,0.02,0,0.05,0,0,0,400000000,10,0.1,99,0.084311755588884,0.0831799872544212,0.07,0.00052950324806715,0.00261264321373633,1.94444444444e-05,0.06649493666713,0.0152750412479492,0.07,1.9444464225402e-05,9.46363700074182e-11,1.94444444444e-05
16,49,500,436,564.189584,0.02,0,0.05,0,0,0,400000000,10,0.1,87,0.08844487286206,0.100412588139872,0.07,0.00051899316749849,0.00244853139704323,1.94444444444e-05,0.0660258275263641,0.0161877401374434,0.07,1.94444602808103e-05,7.10179596553067e-11,1.94444444444e-05
16,64,250,320,564.189584,0.02,0,0.05,0,0,0,400000000,10,0.1,99,0.0821773992044115,0.0867280780881825,0.07,0.000207508202067654,0.000860475146094033,1.94444444444e-05,0.0665544672037867,0.0150178098255572,0.07,2.02862104936808e-05,7.10371978731986e-06,1.94444444444e-05
16,64,500,320,564.189584,0.02,0,0.05,0,0,0,400000000,10,0.1,72,0.0788458723380859,0.0753249727594519,0.07,7.3640905383607e-05,0.000362790820885697,1.94444444444e-05,0.0788458723380859,0.0753249727594519,0.07,7.3640905383607e-05,0.000362790820885697,1.94444444444e-05
17,25,250,981,564.189584,0.02,0,0.05,0,0,0,400000000,10,0.1,99,0.0934150982505721,0.10226502648383,0.07,0.00161632795142832,0.00663583074346004,1.94444444444e-05,0.0636701309683913,0.0201187166567273,0.07,1.94444971656707e-05,1.74864116882857e-10,1.94444444444e-05
17,25,500,981,564.189584,0.02,0,0.05,0,0,0,400000000,10,0.1,98,0.0918559890032734,0.10682063461296,0.07,0.00132190277209311,0.00523328714378688,1.94444444444e-05,0.0667656573699945,0.0141276156885393,0.07,0.000259486384708769,0.00120219074595448,1.94444444444e-05
17,25,750,981,564.189584,0.02,0,0.05,0,0,0,400000000,10,0.1,18,0.07,2.85602516873777e-17,0.07,1.94444444444e-05,3.48635884855684e-21,1.94444444444e-05,0.07,2.85602516873777e-17,0.07,1.94444444444e-05,3.48635884855684e-21,1.94444444444e-05
17,36,250,628,564.189584,0.02,0,0.05,0,0,0,400000000,10,0.1,99,0.0849572120386137,0.0841801368637134,0.07,0.000681610347142511,0.00358073551530147,1.94444444444e-05,0.0664918320768311,0.0152885221196694,0.07,1.94444644218e-05,9.04717219723822e-11,1.94444444444e-05
17,36,500,628,564.189584,0.02,0,0.05,0,0,0,400000000,10,0.1,94,0.0966929289932816,0.114281259388296,0.07,0.00104503566955629,0.00436822846536173,1.94444444444e-05,0.080768669049281,0.0742384134646766,0.07,0.00065816808640272,0.00362581528906857,1.94444444444e-05
17,49,250,436,564.189584,0.02,0,0.05,0,0,0,400000000,10,0.1,99,0.0795279905699746,0.0684865244298045,0.07,0.000548186097081454,0.00314733377786859,1.94444444444e-05,0.0664868212105274,0.0153103163892959,0.07,1.94444676204364e-05,1.02954720961612e-10,1.94444444444e-05
17,49,500,436,564.189584,0.02,0,0.05,0,0,0,400000000,10,0.1,87,0.0758812792156834,0.0568784692132557,0.07,0.000380514917510017,0.00231743181780532,1.94444444444e-05,0.0668005676089674,0.0146586114503207,0.07,1.94444672411678e-05,1.07491257368939e-10,1.94444444444e-05
17,64,250,320,564.189584,0.02,0,0.05,0,0,0,400000000,10,0.1,99,0.0892788382783627,0.0960243320324777,0.07,0.000504542022274604,0.00240096825073451,1.94444444444e-05,0.0665118023062757,0.0152015496650364,0.07,1.94444557237828e-05,5.12973930592555e-11,1.94444444444e-05
17,64,500,320,564.189584,0.02,0,0.05,0,0,0,400000000,10,0.1,72,0.0976553914772024,0.11611797890849,0.07,0.000519998223913046,0.00225770506056782,1.94444444444e-05,0.0698632311049599,0.0157401557386641,0.07,9.32119366274472e-05,0.000449437278115596,1.94444444444e-05
18,25,250,981,564.189584,0.02,0,0.05,0,0,0,400000000,10,0.1,99,0.101782385694459,0.125955659266642,0.07,0.00178357767324137,0.00579218215277826,1.94444444444e-05,0.0587564770408014,0.0257388921499034,0.07,1.9444538860103e-05,2.34868813958818e-10,1.94444444444e-05
18,25,500,981,564.189584,0.02,0,0.05,0,0,0,400000000,10,0.1,98,0.0855469813661198,0.0893598935352386,0.07,0.0012982294993454,0.00437982264678782,1.94444444444e-05,0.070690041410325,0.0558943954761634,0.07,0.000550949034941489,0.00184943731682494,1.94444444444e-05
18,25,750,981,564.189584,0.02,0,0.05,0,0,0,400000000,10,0.1,18,0.10154930516975,0.133852365763522,0.07,0.000490873451646,0.00200010388704176,1.94444444444e-05,0.10154930516975,0.133852365763522,0.07,0.000490873451646,0.00200010388704176,1.94444444444e-05
18,36,250,628,564.189584,0.02,0,0.05,0,0,0,400000000,10,0.1,99,0.110540228504777,0.137819176889064,0.07,0.00129292863236273,0.00460683471626629,1.94444444444e-05,0.0616332505099961,0.0226449229488197,0.07,1.94444841466879e-05,1.28869734271873e-10,1.94444444444e-05
18,36,500,628,564.189584,0.02,0,0.05,0,0,0,400000000,10,0.1,94,0.0971719958719167,0.116141820375608,0.07,0.00110661774134906,0.00420271543139172,1.94444444444e-05,0.0855888058665293,0.0910963447672374,0.07,0.000761510195823577,0.00333253386859312,1.94444444444e-05
18,49,250,436,564.189584,0.02,0,0.05,0,0,0,400000000,10,0.1,99,0.0793298373261552,0.0671189671148686,0.07,0.000437544263152936,0.00274839391344899,1.94444444444e-05,0.0671942143779556,0.0137433432256457,0.07,1.94444597922101e-05,7.81431433099308e-11,1.94444444444e-05
18,49,500,436,564.189584,0.02,0,0.05,0,0,0,400000000,10,0.1,87,0.0747973791130751,0.0481053189816513,0.07,0.000239917704611055,0.00155253388712064,1.94444444444e-05,0.0676042077503943,0.0127508637125658,0.07,1.94444583012529e-05,7.68166790241651e-11,1.94444444444e-05
18,64,250,320,564.189584,0.02,0,0.05,0,0,0,400000000,10,0.1,99,0.0742643629685506,0.0435003999891332,0.07,0.000215647589331821,0.00174890517795149,1.94444444444e-05,0.0685969999748464,0.00982048904171965,0.07,1.94444515150576e-05,4.95063419767512e-11,1.94444444444e-05
18,64,500,320,564.189584,0.02,0,0.05,0,0,0,400000000,10,0.1,72,0.0698234160562243,0.00149836444911009,0.07,5.36520414486847e-05,0.000290261085717916,1.94444444444e-05,0.0691274930154906,0.00740346726455102,0.07,2.34953763502264e-05,3.43732970488174e-05,1.94444444444e-05
19,25,250,981,564.189584,0.02,0,0.05,0,0,0,400000000,10,0.1,99,0.0803010621504947,0.0712793623134883,0.07,0.000774582708241745,0.00254459655473167,1.94444444444e-05,0.0622655007237093,0.021987995697175,0.07,1.94445154034939e-05,2.1620870962345e-10,1.94444444444e-05
19,25,500,981,564.189584,0.02,0,0.05,0,0,0,400000000,10,0.1,98,0.0822204283270765,0.0842202132890603,0.07,0.00119530232682407,0.0048895714349476,1.94444444444e-05,0.0658267017650051,0.0155301337963436,0.07,0.000328685800011483,0.00113077940293797,1.94444444444e-05
19,25,750,981,564.189584,0.02,0,0.05,0,0,0,400000000,10,0.1,18,0.101970302412498,0.135904350633472,0.07,0.00207769180859952,0.00600254640508036,1.94444444444e-05,0.101970302412498,0.135904350633472,0.07,0.00207769180859952,0.00600254640508036,1.94444444444e-05
19,36,250,628,564.189584,0.02,0,0.05,0,0,0,400000000,10,0.1,99,0.0955507152149794,0.113518482674764,0.07,0.000931219073648723,0.00330478670225038,1.94444444444e-05,0.0629866804254476,0.0210293332515596,0.07,1.94444843150455e-05,1.28475130614458e-10,1.94444444444e-05
19,36,500,628,564.189584,0.02,0,0.05,0,0,0,400000000,10,0.1,94,0.0938289311899247,0.116013990522714,0.07,0.000744581743894038,0.0033525988962783,1.94444444444e-05,0.0743116672687988,0.0579227357353613,0.07,0.000343076806023408,0.00201418607351873,1.94444444444e-05
19,49,250,436,564.189584,0.02,0,0.05,0,0,0,400000000,10,0.1,99,0.0742908183001194,0.0450655364295975,0.07,0.00038339077753348,0.00222254164621145,1.94444444444e-05,0.0657843556153347,0.0166814774360634,0.07,1.94444713241131e-05,1.07141214643966e-10,1.94444444444e-05
19,49,500,436,564.189584,0.02,0,0.05,0,0,0,400000000,10,0.1,87,0.0755854970779779,0.0554561846843485,0.07,0.000503991896973614,0.00321690829126808,1.94444444444e-05,0.066655964670637,0.0146897562508918,0.07,5.9753981730977e-05,0.000375982126151679,1.94444444444e-05
19,64,250,320,564.189584,0.02,0,0.05,0,0,0,400000000,10,0.1,99,0.0751865540704657,0.0510145282234322,0.07,0.000234896802471614,0.00147099375482789,1.94444444444e-05,0.0672009442969015,0.0137103588941053,0.07,1.95847489336475e-05,1.39592123096021e-06,1.94444444444e-05
19,64,500,320,564.189584,0.02,0,0.05,0,0,0,400000000,10,0.1,72,0.0875616110399809,0.104100870294541,0.07,0.000415979232181372,0.00216414081171553,1.94444444444e-05,0.0776546017747253,0.0702228621884174,0.07,0.000258763009983524,0.00169604894208711,1.94444444444e-05
20,25,250,981,564.189584,0.02,0,0.05,0,0,0,400000000,10,0.1,99,0.084951088902337,0.086997674146148,0.07,0.00106577080497109,0.00398035657422375,1.94444444444e-05,0.0615940056944962,0.0227513235409589,0.07,1.94445111667071e-05,2.00964649987485e-10,1.94444444444e-05
20,25,500,981,564.189584,0.02,0,0.05,0,0,0,400000000,10,0.1,98,0.08486868192599,0.0842995945447176,0.07,0.00109368649819116,0.00427098304798672,1.94444444444e-05,0.0688636027789025,0.017514652907464,0.07,0.000373462040468195,0.00130795789898924,1.94444444444e-05
20,25,750,981,564.189584,0.02,0,0.05,0,0,0,400000000,10,0.1,18,0.0996377778864846,0.127503234185618,0.07,0.00124315952480046,0.00401697828403785,1.94444444444e-05,0.0996377778864846,0.127503234185618,0.07,0.00124315952480046,0.00401697828403785,1.94444444444e-05
20,36,250,628,564.189584,0.02,0,0.05,0,0,0,400000000,10,0.1,99,0.0902420591507617,0.099729061036005,0.07,0.000646980221863568,0.00268330138032885,1.94444444444e-05,0.0644101989399316,0.0189497104743419,0.07,1.94444748033263e-05,1.16386922767961e-10,1.94444444444e-05
20,36,500,628,564.189584,0.02,0,0.05,0,0,0,400000000,10,0.1,94,0.0761795690744532,0.0628857180746135,0.07,0.000294565341484618,0.00114323297790963,1.94444444444e-05,0.0761795690744532,0.0628857180746135,0.07,0.000294565341484618,0.00114323297790963,1.94444444444e-05
20,49,250,436,564.189584,0.02,0,0.05,0,0,0,400000000,10,0.1,99,0.0747104261503649,0.0475203310147661,0.07,0.000261374766096309,0.00184493473067657,1.94444444444e-05,0.067893385690166,0.0119774632144013,0.07,1.94444568741596e-05,7.1425097635025e-11,1.94444444444e-05
20,49,500,436,564.189584,0.02,0,0.05,0,0,0,400000000,10,0.1,87,0.0696150440325823,0.00202588775856158,0.07,0.000139246792979975,0.000557396095150247,1.94444444444e-05,0.0668029403651906,0.0146477287319404,0.07,1.94444637929161e-05,8.91859488275667e-11,1.94444444444e-05
20,64,250,320,564.189584,0.02,0,0.05,0,0,0,400000000,10,0.1,99,0.0750251811999668,0.0537838351202869,0.07,0.000219228362251349,0.00160476660099549,1.94444444444e-05,0.0679034176525497,0.0119205257515812,0.07,1.97250385520687e-05,2.79181040938588e-06,1.94444444444e-05
20,64,500,320,564.189584,0.02,0,0.05,0,0,0,400000000,10,0.1,72,0.0696491965440488,0.00184515267540593,0.07,0.000108670465246257,0.000436807009291772,1.94444444444e-05,0.0688530504490797,0.00804308603976319,0.07,8.51266375836792e-05,0.000387018114951932,1.94444444444e-05
21,25,250,981,564.189584,0.02,0,0.05,0,0,0,400000000,10,0.1,99,0.0903570177566004,0.101031494514644,0.07,0.00136933181614127,0.00597759596784774,1.94444444444e-05,0.0609890209868355,0.0233109496313991,0.07,1.94445126818394e-05,1.99709442879477e-10,1.94444444444e-05
21,25,500,981,564.189584,0.02,0,0.05,0,0,0,400000000,10,0.1,98,0.0785852918535287,0.0598982181321618,0.07,0.000747606887533429,0.00212943674867973,1.94444444444e-05,0.0675160778262423,0.011701033796414,0.07,0.000510353695243548,0.00150054687914927,1.94444444444e-05
21,25,750,981,564.189584,0.02,0,0.05,0,0,0,400000000,10,0.1,18,0.0688428300190346,0.00458230807457992,0.07,0.000309627543895722,0.00110950126918203,1.94444444444e-05,0.0688428300190346,0.00458230807457992,0.07,0.000309627543895722,0.00110950126918203,1.94444444444e-05
21,36,250,628,564.189584,0.02,0,0.05,0,0,0,400000000,10,0.1,99,0.0982789161284176,0.11353800011084,0.07,0.000916134612829398,0.00364764826231705,1.94444444444e-05,0.062343497246655,0.0217701353849076,0.07,1.94444861107525e-05,1.41826681012266e-10,1.94444444444e-05
21,36,500,628,564.189584,0.02,0,0.05,0,0,0,400000000,10,0.1,94,0.0975869344296039,0.118380932892493,0.07,0.000801893028195944,0.00270336755923035,1.94444444444e-05,0.0906525736931815,0.106313238952547,0.07,0.000658693510792419,0.00244142523442982,1.94444444444e-05
21,49,250,436,564.189584,0.02,0,0.05,0,0,0,400000000,10,0.1,99,0.0721782366772051,0.0223725540643063,0.07,0.000327993644586143,0.00108302924612607,1.94444444444e-05,0.0637857286149749,0.0197804670365092,0.07,1.94444881028808e-05,1.53038215558272e-10,1.94444444444e-05
21,49,500,436,564.189584,0.02,0,0.05,0,0,0,400000000,10,0.1,87,0.0792625985078447,0.0567896002828765,0.07,0.000390065262175908,0.00184914993960556,1.94444444444e-05,0.0680870583108239,0.0385119059113512,0.07,0.000164457568501218,0.00135259211967127,1.94444444444e-05
21,64,250,320,564.189584,0.02,0,0.05,0,0,0,400000000,10,0.1,99,0.0909696309281849,0.104377184252981,0.07,0.000423589165891626,0.00163292480429801,1.94444444444e-05,0.0656484959037831,0.0165447130386503,0.07,5.37933994521232e-05,0.000341767653706961,1.94444444444e-05
21,64,500,320,564.189584,0.02,0,0.05,0,0,0,400000000,10,0.1,72,0.0743012761014742,0.0407927628059247,0.07,0.000208966099807713,0.000880283981893025,1.94444444444e-05,0.0696957957750073,0.00958015980525666,0.07,0.000127546983996599,0.000505973548147865,1.94444444444e-05
22,25,250,981,564.189584,0.02,0,0.05,0,0,0,400000000,10,0.1,99,0.0749334093491609,0.0506890351420141,0.07,0.000781252550331459,0.00185588370873077,1.94444444444e-05,0.0594550803265721,0.0250812746677855,0.07,1.97427059901697e-05,2.96671985815649e-06,1.94444444444e-05
22,25,500,981,564.189584,0.02,0,0.05,0,0,0,400000000,10,0.1,98,0.093979793886302,0.103841919785323,0.07,0.00201780176672929,0.0070617887198113,1.94444444444e-05,0.0691467218620882,0.0493658472699515,0.07,0.000465074073796965,0.00202260717823674,1.94444444444e-05
22,25,750,981,564.189584,0.02,0,0.05,0,0,0,400000000,10,0.1,18,0.0698547713559729,0.000616152954084491,0.07,0.00029185937653045,0.00115575867464711,1.94444444444e-05,0.0698547713559729,0.000616152954084491,0.07,0.00029185937653045,0.00115575867464711,1.94444444444e-05
22,36,250,628,564.189584,0.02,0,0.05,0,0,0,400000000,10,0.1,99,0.107792976509779,0.129873768967677,0.07,0.00127130353235852,0.00365795897122937,1.94444444444e-05,0.0601946679790875,0.0242837875691764,0.07,1.95847888884566e-05,1.39595130444126e-06,1.94444444444e-05
22,36,500,628,564.189584,0.02,0,0.05,0,0,0,400000000,10,0.1,94,0.108069091997203,0.136661005000448,0.07,0.00127046251465003,0.00418869596493125,1.94444444444e-05,0.0881281664857484,0.0985399867018272,0.07,0.000784141398716288,0.00320849250553815,1.94444444444e-05
22,49,250,436,564.189584,0.02,0,0.05,0,0,0,400000000,10,0.1,99,0.0738112197556675,0.0431081854662953,0.07,0.000262387994673929,0.000948114729564629,1.94444444444e-05,0.0650903390688547,0.0178899006635098,0.07,1.94444745788576e-05,1.1494115839045e-10,1.94444444444e-05
22,49,500,436,564.189584,0.02,0,0.05,0,0,0,400000000,10,0.1,87,0.0741004116948927,0.0381975105748014,0.07,0.000235612109819499,0.000900248438588499,1.94444444444e-05,0.0660214062094202,0.0162066918091349,0.07,1.94444703062782e-05,1.15596806689626e-10,1.94444444444e-05
22,64,250,320,564.189584,0.02,0,0.05,0,0,0,400000000,10,0.1,99,0.0791282602873126,0.0665539279686154,0.07,0.000237724704060034,0.00110460941382857,1.94444444444e-05,0.0665640309328765,0.01497907676224,0.07,2.2025828535202e-05,2.43143169812409e-05,1.94444444444e-05
22,64,500,320,564.189584,0.02,0,0.05,0,0,0,400000000,10,0.1,72,0.0939667375853251,0.117105225969242,0.07,0.000431494738643089,0.00188834332903683,1.94444444444e-05,0.0669569463571466,0.0138280501819639,0.07,5.86502876121417e-05,0.00033267256132865,1.94444444444e-05
23,25,250,981,564.189584,0.02,0,0.05,0,0,0,400000000,10,0.1,99,0.0949510544379922,0.109346856739368,0.07,0.00222097013444526,0.00717225261508948,1.94444444444e-05,0.0573356982191407,0.0270018734141769,0.07,1.94445624289414e-05,2.65283577942692e-10,1.94444444444e-05
23,25,500,981,564.189584,0.02,0,0.05,0,0,0,400000000,10,0.1,98,0.0697666051190835,0.00267138408908045,0.07,0.00078486686985937,0.00182575539297442,1.94444444444e-05,0.0653327429552868,0.0158192845919049,0.07,0.000489471944854723,0.00138007815262555,1.94444444444e-05
23,25,750,981,564.189584,0.02,0,0.05,0,0,0,400000000,10,0.1,18,0.0699301993310919,0.00114156403999752,0.07,0.000611059176932056,0.00174307703751338,1.94444444444e-05,0.0699301993310919,0.00114156403999752,0.07,0.000611059176932056,0.00174307703751338,1.94444444444e-05
23,36,250,628,564.189584,0.02,0,0.05,0,0,0,400000000,10,0.1,99,0.119731298088308,0.150696750211015,0.07,0.00149916714201722,0.0048107491613134,1.94444444444e-05,0.0623157333200989,0.0218452485896657,0.07,1.94444745508111e-05,9.45676763824783e-11,1.94444444444e-05
23,36,500,628,564.189584,0.02,0,0.05,0,0,0,400000000,10,0.1,94,0.0993416022213022,0.117468612518714,0.07,0.000933030281600729,0.00356242437071977,1.94444444444e-05,0.0728014355216351,0.053703203877647,0.07,0.000459770043186843,0.002604111953403,1.94444444444e-05
23,49,250,436,564.189584,0.02,0,0.05,0,0,0,400000000,10,0.1,99,0.085917565009376,0.0838413933602904,0.07,0.000577092870718181,0.00322999742084777,1.94444444444e-05,0.0644656003923503,0.0187686895818667,0.07,1.94444699773353e-05,1.05078381096099e-10,1.94444444444e-05
23,49,500,436,564.189584,0.02,0,0.05,0,0,0,400000000,10,0.1,87,0.0697587198993652,0.00134784138502866,0.07,0.000114044154155529,0.000503558050169588,1.94444444444e-05,0.0676014956607049,0.0127652678375472,0.07,1.94444594826046e-05,8.00673877936023e-11,1.94444444444e-05
23,64,250,320,564.189584,0.02,0,0.05,0,0,0,400000000,10,0.1,99,0.0896093169341601,0.0961365470857068,0.07,0.000275704494080905,0.00139914364457805,1.94444444444e-05,0.067312924076505,0.013183692661304,0.07,1.94444489898222e-05,2.49728921903123e-11,1.94444444444e-05
23,64,500,320,564.189584,0.02,0,0.05,0,0,0,400000000,10,0.1,72,0.0764139354410821,0.0544240469337826,0.07,0.000187414640602382,0.00142527437688652,1.94444444444e-05,0.0690396342835356,0.00814897332637336,0.07,1.94444475693764e-05,2.65163039476079e-11,1.94444444444e-05
24,25,250,981,564.189584,0.02,0,0.05,0,0,0,400000000,10,0.1,99,0.0956250383942109,0.112643505134809,0.07,0.00137975273407779,0.00505002532444452,1.94444444444e-05,0.0608829217886059,0.0235701087129973,0.07,1.94445198366687e-05,2.15870359405478e-10,1.94444444444e-05
24,25,500,981,564.189584,0.02,0,0.05,0,0,0,400000000,10,0.1,98,0.0999313663327211,0.118711805598237,0.07,0.00174818551800647,0.00570267124733953,1.94444444444e-05,0.0733683353710627,0.0667744071109122,0.07,0.000580301321643941,0.00225407921448464,1.94444444444e-05
24,25,750,981,564.189584,0.02,0,0.05,0,0,0,400000000,10,0.1,18,0.125090692669907,0.162680515867083,0.07,0.00234283479635389,0.00613140637418278,1.94444444444e-05,0.125090692669907,0.162680515867083,0.07,0.00234283479635389,0.00613140637418278,1.94444444444e-05
24,36,250,628,564.189584,0.02,0,0.05,0,0,0,400000000,10,0.1,99,0.0987084974107022,0.1154632676793,0.07,0.00103358202364242,0.00377956217002122,1.94444444444e-05,0.0637304381888631,0.0199297039478117,0.07,2.09077729657333e-05,1.45596190846776e-05,1.94444444444e-05
24,36,500,628,564.189584,0.02,0,0.05,0,0,0,400000000,10,0.1,94,0.104971088037253,0.125261074716871,0.07,0.00124157578272123,0.00428111555217575,1.94444444444e-05,0.0753700569662243,0.0645859240292557,0.07,0.000577359755409418,0.00306385325148206,1.94444444444e-05
24,49,250,436,564.189584,0.02,0,0.05,0,0,0,400000000,10,0.1,99,0.0862770224201403,0.0916886109259728,0.07,0.000381409435708075,0.0016291565889585,1.94444444444e-05,0.0645055346126373,0.0186410914753865,0.07,1.94444673679131e-05,9.53219704656544e-11,1.94444444444e-05
24,49,500,436,564.189584,0.02,0,0.05,0,0,0,400000000,10,0.1,87,0.0811790547621302,0.0748054554272233,0.07,0.000404692606238914,0.00175805449940309,1.94444444444e-05,0.0644468529170427,0.0188854599772395,0.07,1.94444760533678e-05,1.18342761545794e-10,1.94444444444e-05
24,64,250,320,564.189584,0.02,0,0.05,0,0,0,400000000,10,0.1,99,0.085260547894329,0.0884869934793363,0.07,0.000500067823858107,0.00246847670832644,1.94444444444e-05,0.0669461580590044,0.0137565709387999,0.07,6.79469877885324e-05,0.000351741363691241,1.94444444444e-05
24,64,500,320,564.189584,0.02,0,0.05,0,0,0,400000000,10,0.1,72,0.0898440887107326,0.0973688782718051,0.07,0.00051854280422744,0.00235111500245584,1.94444444444e-05,0.0669845138491343,0.0135073023491958,0.07,0.000103731532678988,0.000495584619870757,1.94444444444e-05
25,25,250,981,564.189584,0.02,0,0.05,0,0,0,400000000,10,0.1,99,0.0796271534289579,0.0663936104559736,0.07,0.000848902367021112,0.00319050010431127,1.94444444444e-05,0.0622638972556416,0.0219925789890552,0.07,1.94445167783182e-05,2.15029775085477e-10,1.94444444444e-05
25,25,500,981,564.189584,0.02,0,0.05,0,0,0,400000000,10,0.1,98,0.0700053228952695,0.00283222309665532,0.07,0.000527546236767406,0.00160547371166339,1.94444444444e-05,0.0679573498073167,0.00981275962448276,0.07,0.000395671933343699,0.00134302915814018,1.94444444444e-05
25,25,750,981,564.189584,0.02,0,0.05,0,0,0,400000000,10,0.1,18,0.0694020283741516,0.00175869055648343,0.07,0.000527477566828967,0.0014904075420534,1.94444444444e-05,0.0694020283741516,0.00175869055648343,0.07,0.000527477566828967,0.0014904075420534,1.94444444444e-05
25,36,250,628,564.189584,0.02,0,0.05,0,0,0,400000000,10,0.1,99,0.0954044382308627,0.111619448324148,0.07,0.000946282242568083,0.00397737094212256,1.94444444444e-05,0.0651189403146927,0.0177868748470411,0.07,1.94444648987909e-05,8.08432139338315e-11,1.94444444444e-05
25,36,500,628,564.189584,0.02,0,0.05,0,0,0,400000000,10,0.1,94,0.093134286607164,0.111006020243128,0.07,0.000753955781002786,0.0033004947000248,1.94444444444e-05,0.0737941400006065,0.0604980378668811,0.07,0.00017663528512598,0.000915382183373883,1.94444444444e-05
25,49,250,436,564.189584,0.02,0,0.05,0,0,0,400000000,10,0.1,99,0.0699426773425285,0.00168363073741288,0.07,0.000123113129459992,0.00060228017220439,1.94444444444e-05,0.0678906860186658,0.0119928074668302,0.07,1.94444595396869e-05,8.6331602870127e-11,1.94444444444e-05
25,49,500,436,564.189584,0.02,0,0.05,0,0,0,400000000,10,0.1,87,0.0698341601890853,0.00154685077849421,0.07,4.69004536598069e-05,0.0002560926052372,1.94444444444e-05,0.069200560090627,0.007456679064889,0.07,1.94444493932816e-05,4.61600946577115e-11,1.94444444444e-05
25,64,250,320,564.189584,0.02,0,0.05,0,0,0,400000000,10,0.1,99,0.0797337619310046,0.0677398356586429,0.07,0.000249174994547193,0.00142008810079233,1.94444444444e-05,0.0679059170518186,0.0119063232723539,0.07,1.94444518798111e-05,4.53886191765779e-11,1.94444444444e-05
25,64,500,320,564.189584,0.02,0,0.05,0,0,0,400000000,10,0.1,72,0.0700147365828889,0.000125044052306399,0.07,5.37179408948917e-05,0.000290820261061389,1.94444444444e-05,0.0691928340649128,0.00684903007491516,0.07,2.49513527657319e-05,4.67276666086373e-05,1.94444444444e-05
26,25,500,981,564.189584,0.02,0,0.05,0,0,0,400000000,10,0.1,98,0.111940533279436,0.140607132375172,0.07,0.00263477416966112,0.00751978277790708,1.94444444444e-05,0.0929724688809649,0.111453871962846,0.07,0.00188505228404118,0.00664615968553988,1.94444444444e-05
26,25,750,981,564.189584,0.02,0,0.05,0,0,0,400000000,10,0.1,18,0.0690370255174896,0.00304057294933818,0.07,0.000563210876986239,0.00158835976612898,1.94444444444e-05,0.0690370255174896,0.00304057294933818,0.07,0.000563210876986239,0.00158835976612898,1.94444444444e-05
26,36,500,628,564.189584,0.02,0,0.05,0,0,0,400000000,10,0.1,94,0.113793497857095,0.145334747974078,0.07,0.00148103186569773,0.00468035486321876,1.94444444444e-05,0.0836108520032054,0.0897726374623311,0.07,0.000836038158025467,0.00366626554716845,1.94444444444e-05
26,49,500,436,564.189584,0.02,0,0.05,0,0,0,400000000,10,0.1,87,0.0861537552801213,0.0871133159634638,0.07,0.000610715109746213,0.00263288420106696,1.94444444444e-05,0.0652124574208458,0.0176925983659235,0.07,1.94444699550724e-05,9.94229789657727e-11,1.94444444444e-05
26,64,500,320,564.189584,0.02,0,0.05,0,0,0,400000000,10,0.1,72,0.0848277995543102,0.0895233213888811,0.07,0.000489282213347993,0.00214341116380991,1.94444444444e-05,0.0688466325663469,0.00887060765565483,0.07,0.000153624037347261,0.000570675463026144,1.94444444444e-05
27,25,500,981,564.189584,0.02,0,0.05,0,0,0,400000000,10,0.1,98,0.0844787789801627,0.0830090221635955,0.07,0.00121481399043911,0.00479621665838426,1.94444444444e-05,0.0663953476720239,0.014908274641454,0.07,0.000305780633224752,0.00122379110421051,1.94444444444e-05
27,25,750,981,564.189584,0.02,0,0.05,0,0,0,400000000,10,0.1,18,0.0950424312003676,0.104992344164166,0.07,0.00136228776060418,0.00450249692990219,1.94444444444e-05,0.0757227841322723,0.0230499507813074,0.07,0.000664633838700739,0.00187956641632286,1.94444444444e-05
27,36,500,628,564.189584,0.02,0,0.05,0,0,0,400000000,10,0.1,94,0.0905190752482112,0.0982168244749088,0.07,0.000748985505379935,0.00321739675611831,1.94444444444e-05,0.075824117985875,0.0563190125181368,0.07,0.000341726556448471,0.00202770969798179,1.94444444444e-05
27,49,500,436,564.189584,0.02,0,0.05,0,0,0,400000000,10,0.1,87,0.0697652429508841,0.00138434665554629,0.07,0.000140692712826305,0.000666758641588196,1.94444444444e-05,0.067598764012692,0.0127798118423402,0.07,1.9444463473631e-05,1.03513348812192e-10,1.94444444444e-05
27,64,500,320,564.189584,0.02,0,0.05,0,0,0,400000000,10,0.1,72,0.0894641748556622,0.0948202974431486,0.07,0.000314507044088298,0.00151632170612279,1.94444444444e-05,0.0671529743619707,0.0137501632653573,0.07,1.94444497684375e-05,2.72073817982506e-11,1.94444444444e-05
28,25,500,981,564.189584,0.02,0,0.05,0,0,0,400000000,10,0.1,98,0.0790509691520152,0.064990028174298,0.07,0.000819467807888443,0.00249479788650997,1.94444444444e-05,0.0674053487232972,0.0168100048909873,0.07,0.000418164804054514,0.00124975069751312,1.94444444444e-05
28,25,750,981,564.189584,0.02,0,0.05,0,0,0,400000000,10,0.1,18,0.07,2.85602516873777e-17,0.07,1.94444444444e-05,3.48635884855684e-21,1.94444444444e-05,0.07,2.85602516873777e-17,0.07,1.94444444444e-05,3.48635884855684e-21,1.94444444444e-05
28,36,500,628,564.189584,0.02,0,0.05,0,0,0,400000000,10,0.1,94,0.104246220280618,0.132351375102481,0.07,0.00130495090572215,0.00498409690917561,1.94444444444e-05,0.083080410778117,0.0814146565870106,0.07,0.000741017846751823,0.0037837414017958,1.94444444444e-05
28,49,500,436,564.189584,0.02,0,0.05,0,0,0,400000000,10,0.1,87,0.0821237985063506,0.0810015624793487,0.07,0.000338047157793678,0.00211640786403824,1.94444444444e-05,0.068411091689801,0.0104185543003474,0.07,1.94444500318448e-05,3.85747198500933e-11,1.94444444444e-05
28,64,500,320,564.189584,0.02,0,0.05,0,0,0,400000000,10,0.1,72,0.07,2.79503539745159e-17,0.07,1.94444444444e-05,3.41190844415478e-21,1.94444444444e-05,0.07,2.79503539745159e-17,0.07,1.94444444444e-05,3.41190844415478e-21,1.94444444444e-05
29,25,500,981,564.189584,0.02,0,0.05,0,0,0,400000000,10,0.1,98,0.0871047724628968,0.0973814410247969,0.07,0.000811462442069546,0.00424721620960958,1.94444444444e-05,0.0671397895510911,0.0136394686958691,0.07,6.70535022209123e-05,0.000452282641946213,1.94444444444e-05
29,25,750,981,564.189584,0.02,0,0.05,0,0,0,400000000,10,0.1,18,0.07,2.85602516873777e-17,0.07,1.94444444444e-05,3.48635884855684e-21,1.94444444444e-05,0.07,2.85602516873777e-17,0.07,1.94444444444e-05,3.48635884855684e-21,1.94444444444e-05
29,36,500,628,564.189584,0.02,0,0.05,0,0,0,400000000,10,0.1,94,0.0859929534888476,0.0888847160217109,0.07,0.000603987602261977,0.00326798436176061,1.94444444444e-05,0.0788340134422429,0.0659237170421437,0.07,0.000431413714710873,0.00288746156620338,1.94444444444e-05
29,49,500,436,564.189584,0.02,0,0.05,0,0,0,400000000,10,0.1,87,0.0761047871401125,0.0579533709804908,0.07,0.000237293133225407,0.00173359927383059,1.94444444444e-05,0.0684038096669055,0.0104662479371034,0.07,1.94444531608126e-05,6.0050532339147e-11,1.94444444444e-05
29,64,500,320,564.189584,0.02,0,0.05,0,0,0,400000000,10,0.1,72,0.0866831591089233,0.100661539090746,0.07,0.000288948589795894,0.00184940768150045,1.94444444444e-05,0.0724951036236243,0.0301551335262623,0.07,0.000135046327442453,0.000980914498322803,1.94444444444e-05
30,25,500,981,564.189584,0.02,0,0.05,0,0,0,400000000,10,0.1,98,0.0851577799761439,0.0869912766133462,0.07,0.00126130694201578,0.00515075430378386,1.94444444444e-05,0.0655203829430924,0.0160630302640084,0.07,0.000266570430637355,0.000955989375287749,1.94444444444e-05
30,25,750,981,564.189584,0.02,0,0.05,0,0,0,400000000,10,0.1,18,0.0939190525134996,0.101479945391116,0.07,0.000450932174901311,0.00183064740122925,1.94444444444e-05,0.0939190525134996,0.101479945391116,0.07,0.000450932174901311,0.00183064740122925,1.94444444444e-05
30,36,500,628,564.189584,0.02,0,0.05,0,0,0,400000000,10,0.1,94,0.0900419799638443,0.0972879953940563,0.07,0.000751179166507962,0.00317962942295375,1.94444444444e-05,0.0764359178192626,0.0560789983064472,0.07,0.000454568529374784,0.00239389651920132,1.94444444444e-05
30,49,500,436,564.189584,0.02,0,0.05,0,0,0,400000000,10,0.1,87,0.0757107266831674,0.0579614523264199,0.07,0.000384326875676797,0.00259516811207494,1.94444444444e-05,0.0668019286008526,0.0146523680176407,0.07,1.94444650700437e-05,9.58942704896124e-11,1.94444444444e-05
30,64,500,320,564.189584,0.02,0,0.05,0,0,0,400000000,10,0.1,72,0.0768804963904817,0.0601794405324552,0.07,0.000217233090910396,0.00117963584580518,1.94444444444e-05,0.0671140811380561,0.0139376611991087,0.07,1.94444571757833e-05,6.51387269872048e-11,1.94444444444e-05
31,25,500,981,564.189584,0.02,0,0.05,0,0,0,400000000,10,0.1,98,0.0957210072055421,0.110094669077713,0.07,0.00198371651982578,0.0064171649914688,1.94444444444e-05,0.0823070960269833,0.0780729128579272,0.07,0.0013335687686177,0.00534481127773185,1.94444444444e-05
31,25,750,981,564.189584,0.02,0,0.05,0,0,0,400000000,10,0.1,18,0.0703564904196356,0.00220105118423956,0.07,0.000624401471595539,0.00176814050420183,1.94444444444e-05,0.0703564904196356,0.00220105118423956,0.07,0.000624401471595539,0.00176814050420183,1.94444444444e-05
31,36,500,628,564.189584,0.02,0,0.05,0,0,0,400000000,10,0.1,94,0.118833704289965,0.142508066840353,0.07,0.00149440169821564,0.00438670214452181,1.94444444444e-05,0.0848157013946764,0.0902181171526586,0.07,0.000756230362444471,0.00330790698534773,1.94444444444e-05
31,49,500,436,564.189584,0.02,0,0.05,0,0,0,400000000,10,0.1,87,0.0932032603064669,0.105619306928494,0.07,0.00109058134131413,0.00438814599238013,1.94444444444e-05,0.0633261559883196,0.0199515193420685,0.07,3.47650580922506e-05,0.000101217067952088,1.94444444444e-05
31,64,500,320,564.189584,0.02,0,0.05,0,0,0,400000000,10,0.1,72,0.106910710470232,0.136817328182068,0.07,0.00108906779066402,0.00403288528514371,1.94444444444e-05,0.0803689557358165,0.0791266328312024,0.07,0.000478146407837254,0.00271287428775028,1.94444444444e-05
32,25,500,981,564.189584,0.02,0,0.05,0,0,0,400000000,10,0.1,98,0.079085148955494,0.0638547337346985,0.07,0.000654920639897473,0.00429416455058008,1.94444444444e-05,0.0672249356072239,0.0135568908174756,0.07,0.00011947564724887,0.0006939590575941,1.94444444444e-05
32,25,750,981,564.189584,0.02,0,0.05,0,0,0,400000000,10,0.1,18,0.0699366117108278,0.000268933734728835,0.07,0.000259583263124067,0.00101882272268711,1.94444444444e-05,0.0699366117108278,0.000268933734728835,0.07,0.000259583263124067,0.00101882272268711,1.94444444444e-05
32,36,500,628,564.189584,0.02,0,0.05,0,0,0,400000000,10,0.1,94,0.0747382890553627,0.0458573052682432,0.07,0.000222538663617178,0.0016198716953277,1.94444444444e-05,0.0692706653063901,0.00715380787738773,0.07,6.00287355227138e-05,0.00039347927007975,1.94444444444e-05
32,49,500,436,564.189584,0.02,0,0.05,0,0,0,400000000,10,0.1,87,0.0700160411804228,0.000149622170262175,0.07,5.77453814678874e-05,0.00035724735770655,1.94444444444e-05,0.0692001633462551,0.00746037965003337,0.07,1.9444449808346e-05,5.00315573478466e-11,1.94444444444e-05
32,64,500,320,564.189584,0.02,0,0.05,0,0,0,400000000,10,0.1,72,0.06985491991769,0.00123104532019815,0.07,5.52469704843986e-05,0.000303794507357892,1.94444444444e-05,0.0690339704140118,0.00819703285294954,0.07,1.94444504628764e-05,5.10684656040371e-11,1.94444444444e-05
33,25,500,981,564.189584,0.02,0,0.05,0,0,0,400000000,10,0.1,98,0.085306523206887,0.0892856153924168,0.07,0.00126719369862102,0.00471972217095778,1.94444444444e-05,0.0709764599283543,0.0340555445474321,0.07,0.000537720032683799,0.00173973858521956,1.94444444444e-05
33,25,750,981,564.189584,0.02,0,0.05,0,0,0,400000000,10,0.1,18,0.0990258190638687,0.123146120937332,0.07,0.00170067149289398,0.00713284228003767,1.94444444444e-05,0.0990258190638687,0.123146120937332,0.07,0.00170067149289398,0.00713284228003767,1.94444444444e-05
33,36,500,628,564.189584,0.02,0,0.05,0,0,0,400000000,10,0.1,94,0.0800758258681099,0.0699015187335602,0.07,0.000577603078476658,0.0019368477307026,1.94444444444e-05,0.0696737644335095,0.00964899422010582,0.07,0.000355164676414688,0.00104985654682067,1.94444444444e-05
33,49,500,436,564.189584,0.02,0,0.05,0,0,0,400000000,10,0.1,87,0.075795220945435,0.0584787361909072,0.07,0.000405229806156854,0.00216239318185569,1.94444444444e-05,0.0652045162800095,0.0177218923770685,0.07,1.94444741376805e-05,1.1185903335983e-10,1.94444444444e-05
33,64,500,320,564.189584,0.02,0,0.05,0,0,0,400000000,10,0.1,72,0.0769489837853266,0.0560953981334781,0.07,0.000203526047007868,0.00155177465516771,1.94444444444e-05,0.0688177038455414,0.0083422576751925,0.07,2.00088006834625e-05,4.78869293419763e-06,1.94444444444e-05
34,25,500,981,564.189584,0.02,0,0.05,0,0,0,400000000,10,0.1,98,0.0813941541515682,0.0752641676660136,0.07,0.00131282507576587,0.00500461128598155,1.94444444444e-05,0.0714601516416461,0.0498952680155252,0.07,0.000673091329964481,0.00274926680096039,1.94444444444e-05
34,25,750,981,564.189584,0.02,0,0.05,0,0,0,400000000,10,0.1,18,0.0704340152937235,0.00127615768079285,0.07,0.0007058026367057,0.00200247327668412,1.94444444444e-05,0.0704340152937235,0.00127615768079285,0.07,0.0007058026367057,0.00200247327668412,1.94444444444e-05
34,36,500,628,564.189584,0.02,0,0.05,0,0,0,400000000,10,0.1,94,0.103697188159254,0.130269981159407,0.07,0.00109117287217781,0.00402558024677581,1.94444444444e-05,0.0776845435670218,0.0746929754190649,0.07,0.000461501803239034,0.00272216379654519,1.94444444444e-05
34,49,500,436,564.189584,0.02,0,0.05,0,0,0,400000000,10,0.1,87,0.0701399607679154,0.00106368947517476,0.07,0.000112182728701094,0.000613767099784182,1.94444444444e-05,0.0683992972092692,0.0104958017123963,0.07,1.94444565771333e-05,7.98795369904723e-11,1.94444444444e-05
34,64,500,320,564.189584,0.02,0,0.05,0,0,0,400000000,10,0.1,72,0.0753506430611054,0.045401711906596,0.07,8.41593870168722e-05,0.000549124496845117,1.94444444444e-05,0.0690540541891882,0.00802661636952055,0.07,1.94444458332792e-05,1.17850305238243e-11,1.94444444444e-05
35,25,500,981,564.189584,0.02,0,0.05,0,0,0,400000000,10,0.1,98,0.0854093803209523,0.0857748576467404,0.07,0.00180492352669544,0.00637241969955589,1.94444444444e-05,0.0751641481906475,0.0734972721292491,0.07,0.00125930285346534,0.00587290281926539,1.94444444444e-05
35,25,750,981,564.189584,0.02,0,0.05,0,0,0,400000000,10,0.1,18,0.0988236100272472,0.122288220651258,0.07,0.000936131528233528,0.00388917391904048,1.94444444444e-05,0.0988236100272472,0.122288220651258,0.07,0.000936131528233528,0.00388917391904048,1.94444444444e-05
35,36,500,628,564.189584,0.02,0,0.05,0,0,0,400000000,10,0.1,94,0.10408259705926,0.123377446933626,0.07,0.00120388870457589,0.00399056202808703,1.94444444444e-05,0.0926591573052397,0.0997154010910194,0.07,0.00101748688673755,0.00357433109296833,1.94444444444e-05
35,49,500,436,564.189584,0.02,0,0.05,0,0,0,400000000,10,0.1,87,0.0807585402906821,0.0736465306547191,0.07,0.000818427895315446,0.00415421749130545,1.94444444444e-05,0.063643647383782,0.020093810807267,0.07,1.94444837480632e-05,1.33603581799846e-10,1.94444444444e-05
35,64,500,320,564.189584,0.02,0,0.05,0,0,0,400000000,10,0.1,72,0.103457558196045,0.127247699453803,0.07,0.000507845402362142,0.0019098189218408,1.94444444444e-05,0.0727499980119977,0.0601749800510397,0.07,9.75383157273445e-05,0.000501252967702632,1.94444444444e-05
36,25,500,981,564.189584,0.02,0,0.05,0,0,0,400000000,10,0.1,98,0.0907489545183512,0.100611159401025,0.07,0.000931778920738328,0.00343368250453461,1.94444444444e-05,0.0702290409955819,0.054252339697969,0.07,0.000235816975311424,0.00157945810361786,1.94444444444e-05
36,25,750,981,564.189584,0.02,0,0.05,0,0,0,400000000,10,0.1,18,0.0707919963507397,0.00336015594169799,0.07,0.000342125426605128,0.00136901946387472,1.94444444444e-05,0.0707808406166924,0.00331282617053427,0.07,0.000341353821666856,0.00136574582136922,1.94444444444e-05
36,36,500,628,564.189584,0.02,0,0.05,0,0,0,400000000,10,0.1,94,0.0905093909588482,0.0980216410947991,0.07,0.00103318547330699,0.0049621610770415,1.94444444444e-05,0.0903718397332715,0.0973561837708286,0.07,0.00103173354370368,0.0049607242034406,1.94444444444e-05
36,49,500,436,564.189584,0.02,0,0.05,0,0,0,400000000,10,0.1,87,0.0866064629863902,0.0894758274768721,0.07,0.000596139855462497,0.00279729500126992,1.94444444444e-05,0.0660137113933229,0.0162368699115722,0.07,1.94444632182069e-05,8.03441448134704e-11,1.94444444444e-05
36,64,500,320,564.189584,0.02,0,0.05,0,0,0,400000000,10,0.1,72,0.0833939472146015,0.0811434395246077,0.07,0.000437685574269817,0.00249072419371678,1.94444444444e-05,0.0773045100976756,0.063001002582795,0.07,0.000333825066394117,0.00230039822186312,1.94444444444e-05
37,25,500,981,564.189584,0.02,0,0.05,0,0,0,400000000,10,0.1,98,0.0855340546793074,0.0814804609078142,0.07,0.000489118348262468,0.00195978155765251,1.94444444444e-05,0.0662983074241131,0.0191623960144901,0.07,5.1111402828498e-05,0.000215157193696924,1.94444444444e-05
37,25,750,981,564.189584,0.02,0,0.05,0,0,0,400000000,10,0.1,18,0.0697493345784402,0.00106348331636359,0.07,0.000226551429272428,0.000878680520417987,1.94444444444e-05,0.0697493345784402,0.00106348331636359,0.07,0.000226551429272428,0.000878680520417987,1.94444444444e-05
37,36,500,628,564.189584,0.02,0,0.05,0,0,0,400000000,10,0.1,94,0.0810390840879262,0.0752746186682793,0.07,0.000488412060833135,0.00307147886882151,1.94444444444e-05,0.0756865658482579,0.0563187848582309,0.07,0.000414071529726631,0.00297607957470071,1.94444444444e-05
37,49,500,436,564.189584,0.02,0,0.05,0,0,0,400000000,10,0.1,87,0.0813896429254346,0.0747244772440626,0.07,0.000369683437393999,0.00230996170539512,1.94444444444e-05,0.0676156537744252,0.0126903319738126,0.07,1.94444555235034e-05,6.56224094215504e-11,1.94444444444e-05
37,64,500,320,564.189584,0.02,0,0.05,0,0,0,400000000,10,0.1,72,0.0764209574676325,0.057504022515784,0.07,0.000271785031238732,0.00158221123506092,1.94444444444e-05,0.0736699775415145,0.0393310008571215,0.07,0.000193332081108358,0.00112578426389091,1.94444444444e-05
38,25,500,981,564.189584,0.02,0,0.05,0,0,0,400000000,10,0.1,98,0.0850308120340406,0.0843374492503472,0.07,0.00148621396640907,0.00494846329036557,1.94444444444e-05,0.0707671472597168,0.0416124039623182,0.07,0.000697771784600266,0.00255725807139777,1.94444444444e-05
38,25,750,981,564.189584,0.02,0,0.05,0,0,0,400000000,10,0.1,18,0.07,2.85602516873777e-17,0.07,1.94444444444e-05,3.48635884855684e-21,1.94444444444e-05,0.07,2.85602516873777e-17,0.07,1.94444444444e-05,3.48635884855684e-21,1.94444444444e-05
38,36,500,628,564.189584,0.02,0,0.05,0,0,0,400000000,10,0.1,94,0.101471289961805,0.121778029660003,0.07,0.000880058820193411,0.00312542783386797,1.94444444444e-05,0.0758351509834538,0.0569866312329394,0.07,0.000277930238460371,0.00116924915911813,1.94444444444e-05
38,49,500,436,564.189584,0.02,0,0.05,0,0,0,400000000,10,0.1,87,0.0697116139384775,0.00172809725329291,0.07,0.000255724192204991,0.000900311419101454,1.94444444444e-05,0.0651991159965605,0.0177418429578417,0.07,1.94444801082506e-05,1.34383245358675e-10,1.94444444444e-05
38,64,500,320,564.189584,0.02,0,0.05,0,0,0,400000000,10,0.1,72,0.0910704012938943,0.101971657106863,0.07,0.000521634809486957,0.00242488643999944,1.94444444444e-05,0.0676837714149005,0.0118520624134173,0.07,6.15025262471833e-05,0.00030089215354411,1.94444444444e-05
39,25,500,981,564.189584,0.02,0,0.05,0,0,0,400000000,10,0.1,98,0.0881496337375461,0.0927485683159461,0.07,0.00114564073138935,0.00421875581190344,1.94444444444e-05,0.0835098562258874,0.0832562491172815,0.07,0.000899633307184855,0.00374047140332517,1.94444444444e-05
39,25,750,981,564.189584,0.02,0,0.05,0,0,0,400000000,10,0.1,18,0.0698167024724183,0.000777665548366631,0.07,0.000287019571225589,0.00113522511974297,1.94444444444e-05,0.0698167024724183,0.000777665548366631,0.07,0.000287019571225589,0.00113522511974297,1.94444444444e-05
39,36,500,628,564.189584,0.02,0,0.05,0,0,0,400000000,10,0.1,94,0.103798150725789,0.130535379075144,0.07,0.00143095080604024,0.00555770780506057,1.94444444444e-05,0.097356597689164,0.119041987447111,0.07,0.0012627546989728,0.00533829767137821,1.94444444444e-05
39,49,500,436,564.189584,0.02,0,0.05,0,0,0,400000000,10,0.1,87,0.0814991770775373,0.0757581453984204,0.07,0.000539196361398912,0.00297500501093482,1.94444444444e-05,0.0720027951561453,0.0432234566685275,0.07,0.000223060430554754,0.00189920334182175,1.94444444444e-05
39,64,500,320,564.189584,0.02,0,0.05,0,0,0,400000000,10,0.1,72,0.0885597002949259,0.0908892195115582,0.07,0.000352696883054056,0.00161224466017958,1.94444444444e-05,0.0735631231574397,0.0480186960052288,0.07,0.000130147199196311,0.000939343987784209,1.94444444444e-05
40,25,500,981,564.189584,0.02,0,0.05,0,0,0,400000000,10,0.1,98,0.0852371895618445,0.0849464997195612,0.07,0.001373166991328,0.00480968090591441,1.94444444444e-05,0.0717807688248687,0.0431669978659707,0.07,0.000724107479314338,0.00275703335533722,1.94444444444e-05
40,25,750,981,564.189584,0.02,0,0.05,0,0,0,400000000,10,0.1,18,0.0700308475630567,0.0031171255135538,0.07,0.000593989585798567,0.00172598780025604,1.94444444444e-05,0.0700308475630567,0.0031171255135538,0.07,0.000593989585798567,0.00172598780025604,1.94444444444e-05
40,36,500,628,564.189584,0.02,0,0.05,0,0,0,400000000,10,0.1,94,0.0905300561295173,0.097848664411576,0.07,0.00064297305058976,0.00312320512904264,1.94444444444e-05,0.0779536675877933,0.0686972534349111,0.07,0.0004439114833741,0.00292830126338209,1.94444444444e-05
40,49,500,436,564.189584,0.02,0,0.05,0,0,0,400000000,10,0.1,87,0.080865955263357,0.0716535860493085,0.07,0.000611415615428353,0.00378011165768112,1.94444444444e-05,0.0669381385320772,0.014048008045953,0.07,2.07932409017598e-05,1.25806186296581e-05,1.94444444444e-05
40,64,500,320,564.189584,0.02,0,0.05,0,0,0,400000000,10,0.1,72,0.075579298666635,0.0477013995907989,0.07,0.000224383153334328,0.00146890708901167,1.94444444444e-05,0.0702251952571731,0.0130917298540626,0.07,7.50387354235972e-05,0.000471733156943467,1.94444444444e-05
41,25,500,981,564.189584,0.02,0,0.05,0,0,0,400000000,10,0.1,98,0.0966769964521072,0.115431611064554,0.07,0.00198675042804117,0.00661290849159458,1.94444444444e-05,0.0808259966798915,0.0703174359719241,0.07,0.00111891525932452,0.00350138449647162,1.94444444444e-05
41,25,750,981,564.189584,0.02,0,0.05,0,0,0,400000000,10,0.1,18,0.0697573651225926,0.00102941260300314,0.07,0.000330321485179789,0.0013189395817152,1.94444444444e-05,0.0697573651225926,0.00102941260300314,0.07,0.000330321485179789,0.0013189395817152,1.94444444444e-05
41,36,500,628,564.189584,0.02,0,0.05,0,0,0,400000000,10,0.1,94,0.122883250376251,0.154558925841182,0.07,0.00153976417543763,0.00416762477832716,1.94444444444e-05,0.0904943319878158,0.104846528309693,0.07,0.000862807546730672,0.0031664240807587,1.94444444444e-05
41,49,500,436,564.189584,0.02,0,0.05,0,0,0,400000000,10,0.1,87,0.0935706984670988,0.1102881342647,0.07,0.000986409409274685,0.00433633186336258,1.94444444444e-05,0.0637340371048999,0.0198287996830656,0.07,2.38956983235885e-05,4.15182604474755e-05,1.94444444444e-05
41,64,500,320,564.189584,0.02,0,0.05,0,0,0,400000000,10,0.1,72,0.0900409846819017,0.0987051631002231,0.07,0.000363169839298344,0.00179677383374172,1.94444444444e-05,0.0673597636604402,0.0119588993647023,0.07,5.93355241340056e-05,0.000290535211468059,1.94444444444e-05
42,25,500,981,564.189584,0.02,0,0.05,0,0,0,400000000,10,0.1,98,0.0700494120272092,0.00175234712627159,0.07,0.000506916981256362,0.00155184190791158,1.94444444444e-05,0.0680264007907434,0.00995711338424879,0.07,0.00035786131852053,0.00123008322233235,1.94444444444e-05
42,25,750,981,564.189584,0.02,0,0.05,0,0,0,400000000,10,0.1,18,0.07,2.85602516873777e-17,0.07,1.94444444444e-05,3.48635884855684e-21,1.94444444444e-05,0.07,2.85602516873777e-17,0.07,1.94444444444e-05,3.48635884855684e-21,1.94444444444e-05
42,36,500,628,564.189584,0.02,0,0.05,0,0,0,400000000,10,0.1,94,0.0903317504022125,0.0975781168943278,0.07,0.000664249842480816,0.00282593578608057,1.94444444444e-05,0.0778390979698154,0.0654379803140915,0.07,0.000379515346152168,0.00205708063065229,1.94444444444e-05
42,49,500,436,564.189584,0.02,0,0.05,0,0,0,400000000,10,0.1,87,0.0699200739043793,0.000745500990087831,0.07,6.65258971105391e-05,0.000439146555387138,1.94444444444e-05,0.069198826233308,0.00747285140932772,0.07,1.94444519156046e-05,6.96867572661302e-11,1.94444444444e-05
42,64,500,320,564.189584,0.02,0,0.05,0,0,0,400000000,10,0.1,72,0.07,2.79503539745159e-17,0.07,1.94444444444e-05,3.41190844415478e-21,1.94444444444e-05,0.07,2.79503539745159e-17,0.07,1.94444444444e-05,3.41190844415478e-21,1.94444444444e-05
43,25,500,981,564.189584,0.02,0,0.05,0,0,0,400000000,10,0.1,98,0.0749871466664342,0.0474203726095895,0.07,0.00070430464063274,0.00238291780421958,1.94444444444e-05,0.070956287847156,0.0324334292888605,0.07,0.00048357665077734,0.00175129540776355,1.94444444444e-05
43,25,750,981,564.189584,0.02,0,0.05,0,0,0,400000000,10,0.1,18,0.07,2.85602516873777e-17,0.07,1.94444444444e-05,3.48635884855684e-21,1.94444444444e-05,0.07,2.85602516873777e-17,0.07,1.94444444444e-05,3.48635884855684e-21,1.94444444444e-05
43,36,500,628,564.189584,0.02,0,0.05,0,0,0,400000000,10,0.1,94,0.10134671462682,0.120660070391723,0.07,0.00107456081927325,0.00387986416640632,1.94444444444e-05,0.0763571383900272,0.0569913531740789,0.07,0.000361425829067126,0.00162133982958415,1.94444444444e-05
43,49,500,436,564.189584,0.02,0,0.05,0,0,0,400000000,10,0.1,87,0.0755251505138534,0.0522456998145914,0.07,0.000305500194050057,0.00230113185804639,1.94444444444e-05,0.0684004910613688,0.0104879813324624,0.07,1.94444554915747e-05,7.41125306443591e-11,1.94444444444e-05
43,64,500,320,564.189584,0.02,0,0.05,0,0,0,400000000,10,0.1,72,0.0792429597385308,0.0784291141121924,0.07,0.000152539258314725,0.00112934694514162,1.94444444444e-05,0.0690484634929068,0.00807405500054663,0.07,1.94444462190778e-05,1.50586402932441e-11,1.94444444444e-05
44,25,500,981,564.189584,0.02,0,0.05,0,0,0,400000000,10,0.1,98,0.0745049570643582,0.0461128155094246,0.07,0.000598932598805492,0.00246895285049628,1.94444444444e-05,0.0674175147768568,0.0122111180688816,0.07,0.00025561893653979,0.00104287640062504,1.94444444444e-05
44,25,750,981,564.189584,0.02,0,0.05,0,0,0,400000000,10,0.1,18,0.0701364874852054,0.000579067358014925,0.07,0.000285604462366528,0.00112922132132082,1.94444444444e-05,0.0701364874852054,0.000579067358014925,0.07,0.000285604462366528,0.00112922132132082,1.94444444444e-05
44,36,500,628,564.189584,0.02,0,0.05,0,0,0,400000000,10,0.1,94,0.0847817927668659,0.0832187535407115,0.07,0.000371115531559006,0.00173968293921653,1.94444444444e-05,0.0718960183261806,0.0259138720651532,0.07,0.000154331523075576,0.000600247300653769,1.94444444444e-05
44,49,500,436,564.189584,0.02,0,0.05,0,0,0,400000000,10,0.1,87,0.0699658591496566,0.00196606012444273,0.07,0.000212299243516859,0.000799526770632026,1.94444444444e-05,0.0660004741100495,0.0162907471390706,0.07,1.94444721900494e-05,1.14075008583755e-10,1.94444444444e-05
44,64,500,320,564.189584,0.02,0,0.05,0,0,0,400000000,10,0.1,72,0.0820931852318729,0.0733012653180831,0.07,0.000311697730379953,0.00153186929287959,1.94444444444e-05,0.0688106411116145,0.0081919607721426,0.07,7.81506884488639e-05,0.000377370082045511,1.94444444444e-05
45,25,500,981,564.189584,0.02,0,0.05,0,0,0,400000000,10,0.1,98,0.0950842326162256,0.109039815884593,0.07,0.00187095764554853,0.00727378158721966,1.94444444444e-05,0.0798196712158697,0.0750936829004208,0.07,0.00137621830874685,0.00670901784721135,1.94444444444e-05
45,25,750,981,564.189584,0.02,0,0.05,0,0,0,400000000,10,0.1,18,0.069595971040489,0.00136421798267961,0.07,0.000584647438004894,0.00165229194084004,1.94444444444e-05,0.069595971040489,0.00136421798267961,0.07,0.000584647438004894,0.00165229194084004,1.94444444444e-05
45,36,500,628,564.189584,0.02,0,0.05,0,0,0,400000000,10,0.1,94,0.101233660071432,0.120456693387959,0.07,0.00105082430316131,0.00380039068692217,1.94444444444e-05,0.0768143566991165,0.0516791203639525,0.07,0.000459614709136589,0.00211769490069663,1.94444444444e-05
45,49,500,436,564.189584,0.02,0,0.05,0,0,0,400000000,10,0.1,87,0.0812453580030359,0.0748882074112576,0.07,0.000484148722127634,0.00287870963591287,1.94444444444e-05,0.0668315178203506,0.0145177430635325,0.07,2.06284446302862e-05,1.10435007364654e-05,1.94444444444e-05
45,64,500,320,564.189584,0.02,0,0.05,0,0,0,400000000,10,0.1,72,0.0699948829750562,4.34193964472123e-05,0.07,6.56491602518847e-05,0.000392060014443237,1.94444444444e-05,0.0699948829750562,4.34193964472123e-05,0.07,6.56491602518847e-05,0.000392060014443237,1.94444444444e-05
46,25,500,981,564.189584,0.02,0,0.05,0,0,0,400000000,10,0.1,98,0.0747147149676417,0.0501270899636397,0.07,0.000535259413425793,0.00225167736076886,1.94444444444e-05,0.0673862946983134,0.0121532377511461,0.07,0.00024279384362918,0.000976446996615219,1.94444444444e-05
46,25,750,981,564.189584,0.02,0,0.05,0,0,0,400000000,10,0.1,18,0.0701503598845273,0.000637922963805749,0.07,0.000267451205224817,0.00105220357396766,1.94444444444e-05,0.0701503598845273,0.000637922963805749,0.07,0.000267451205224817,0.00105220357396766,1.94444444444e-05
46,36,500,628,564.189584,0.02,0,0.05,0,0,0,400000000,10,0.1,94,0.0810274582682327,0.0753356987102326,0.07,0.000468165706540334,0.00234354475282428,1.94444444444e-05,0.0695813780127793,0.00804599398326726,0.07,0.000164997537032195,0.000661550025161448,1.94444444444e-05
46,49,500,436,564.189584,0.02,0,0.05,0,0,0,400000000,10,0.1,87,0.0699763953577432,0.000229045825172588,0.07,8.90817820621897e-05,0.000460692212640954,1.94444444444e-05,0.068401117694428,0.0104838684476548,0.07,1.94444545656563e-05,6.71074749364179e-11,1.94444444444e-05
46,64,500,320,564.189584,0.02,0,0.05,0,0,0,400000000,10,0.1,72,0.0791376271670542,0.0775353376053414,0.07,0.000224179661998556,0.00173723592816296,1.94444444444e-05,0.0690410960273962,0.00813657001841876,0.07,1.94444472221556e-05,2.35700374776545e-11,1.94444444444e-05
47,25,500,981,564.189584,0.02,0,0.05,0,0,0,400000000,10,0.1,98,0.0807767478462629,0.0767472992175633,0.07,0.000596799729952213,0.00341483431546418,1.94444444444e-05,0.0686629613095922,0.0158896028712554,0.07,0.000122776125582109,0.000550442586804918,1.94444444444e-05
47,25,750,981,564.189584,0.02,0,0.05,0,0,0,400000000,10,0.1,18,0.0957285593402816,0.110661514054369,0.07,0.00185652922311917,0.00663415874028031,1.94444444444e-05,0.0957285593402816,0.110661514054369,0.07,0.00185652922311917,0.00663415874028031,1.94444444444e-05
47,36,500,628,564.189584,0.02,0,0.05,0,0,0,400000000,10,0.1,94,0.089925902517914,0.0954876705568601,0.07,0.000984722226051949,0.00485377720142545,1.94444444444e-05,0.0833151394270786,0.0792449183282952,0.07,0.000787893644001833,0.00449642181467181,1.94444444444e-05
47,49,500,436,564.189584,0.02,0,0.05,0,0,0,400000000,10,0.1,87,0.0736341668814026,0.0357608868016725,0.07,0.000236060985643578,0.00088801976412146,1.94444444444e-05,0.0660134309156378,0.0162385239156891,0.07,1.94444708490609e-05,1.15775623157162e-10,1.94444444444e-05
47,64,500,320,564.189584,0.02,0,0.05,0,0,0,400000000,10,0.1,72,0.0814023078685618,0.0680598215047152,0.07,0.000340917334948847,0.00245892241354857,1.94444444444e-05,0.0749805047092161,0.0507912187221215,0.07,0.000301763093369625,0.00239555316734991,1.94444444444e-05
48,25,500,981,564.189584,0.02,0,0.05,0,0,0,400000000,10,0.1,98,0.0701073448999917,0.0015548921349283,0.07,0.000425281458461613,0.00137927910745125,1.94444444444e-05,0.0691126129036314,0.0057729535535662,0.07,0.000353213936637011,0.00118214463353476,1.94444444444e-05
48,25,750,981,564.189584,0.02,0,0.05,0,0,0,400000000,10,0.1,18,0.121931480194222,0.152167335252765,0.07,0.00214256247392034,0.00861642371965786,1.94444444444e-05,0.121931480194222,0.152167335252765,0.07,0.00214256247392034,0.00861642371965786,1.94444444444e-05
48,36,500,628,564.189584,0.02,0,0.05,0,0,0,400000000,10,0.1,94,0.0800281572480103,0.0713267213180203,0.07,0.000411889243808827,0.00222893143379655,1.94444444444e-05,0.0793831322762176,0.0717734845002985,0.07,0.00037695039117006,0.0022087638199307,1.94444444444e-05
48,49,500,436,564.189584,0.02,0,0.05,0,0,0,400000000,10,0.1,87,0.0698848653178089,0.00106595464507934,0.07,0.000112657169132731,0.000617728451819973,1.94444444444e-05,0.0685153944222562,0.00976591188667496,0.07,2.62594468558218e-05,6.35660387356347e-05,1.94444444444e-05
48,64,500,320,564.189584,0.02,0,0.05,0,0,0,400000000,10,0.1,72,0.0751305003397205,0.0435337389731551,0.07,8.18968090470833e-05,0.000529925886140305,1.94444444444e-05,0.0739655243630235,0.0336485900166523,0.07,6.99234448421417e-05,0.000428328521865139,1.94444444444e-05
49,25,500,981,564.189584,0.02,0,0.05,0,0,0,400000000,10,0.1,98,0.0891995441635041,0.0923702388231582,0.07,0.00112744126340089,0.00452730935664107,1.94444444444e-05,0.0791586292160167,0.0732243383048728,0.07,0.000797159803279076,0.00406668490646581,1.94444444444e-05
49,25,750,981,564.189584,0.02,0,0.05,0,0,0,400000000,10,0.1,18,0.0699691740392318,0.00194787280207994,0.07,0.000594701838892444,0.00168299824044782,1.94444444444e-05,0.0699691740392318,0.00194787280207994,0.07,0.000594701838892444,0.00168299824044782,1.94444444444e-05
49,36,500,628,564.189584,0.02,0,0.05,0,0,0,400000000,10,0.1,94,0.073591202637262,0.0380928433554406,0.07,0.000194161974833038,0.000753883386509863,1.94444444444e-05,0.0729194285753752,0.0387785118714741,0.07,0.000165611577202847,0.000703022208441236,1.94444444444e-05
49,49,500,436,564.189584,0.02,0,0.05,0,0,0,400000000,10,0.1,87,0.0813363148538749,0.0761821310380228,0.07,0.000373120561321892,0.00204062104801705,1.94444444444e-05,0.0668141413289172,0.0145965195742849,0.07,1.94444588121126e-05,7.03198112297479e-11,1.94444444444e-05
49,64,500,320,564.189584,0.02,0,0.05,0,0,0,400000000,10,0.1,72,0.0773016064854736,0.0621389322185255,0.07,0.00025479584674734,0.00165848654809105,1.94444444444e-05,0.0700514564012406,0.000644725663135265,0.07,8.76396086941903e-05,0.000424837043312267,1.94444444444e-05
50,25,500,981,564.189584,0.02,0,0.05,0,0,0,400000000,10,0.1,98,0.105378306484905,0.128817218513539,0.07,0.00214356784410618,0.00641423062064451,1.94444444444e-05,0.0775061678011741,0.0784672468695778,0.07,0.000733464713583759,0.00227997235074474,1.94444444444e-05
50,25,750,981,564.189584,0.02,0,0.05,0,0,0,400000000,10,0.1,18,0.0704078191389667,0.001649281904512,0.07,0.000686042202048333,0.00194379738295369,1.94444444444e-05,0.0704078191389667,0.001649281904512,0.07,0.000686042202048333,0.00194379738295369,1.94444444444e-05
50,36,500,628,564.189584,0.02,0,0.05,0,0,0,400000000,10,0.1,94,0.107469721000392,0.135352874516639,0.07,0.00123747508340506,0.0040938533524127,1.94444444444e-05,0.0910697162129613,0.102894885251238,0.07,0.000915389874156826,0.00365518092088707,1.94444444444e-05
50,49,500,436,564.189584,0.02,0,0.05,0,0,0,400000000,10,0.1,87,0.0846440968252845,0.0797429917113884,0.07,0.00056448071220951,0.00195591888721121,1.94444444444e-05,0.0624490311487919,0.0213805288124671,0.07,2.62249397639575e-05,6.32438746312496e-05,1.94444444444e-05
50,64,500,320,564.189584,0.02,0,0.05,0,0,0,400000000,10,0.1,72,0.103771161032775,0.125483002722133,0.07,0.000927114276033564,0.00354024370993032,1.94444444444e-05,0.0702025222005824,0.0396019343991683,0.07,0.000218347613217299,0.00139125221020581,1.94444444444e-05
51,25,750,981,564.189584,0.02,0,0.05,0,0,0,400000000,10,0.1,18,0.0952635123823678,0.107782163197718,0.07,0.0012785049077671,0.0042151952065251,1.94444444444e-05,0.0952635123823678,0.107782163197718,0.07,0.0012785049077671,0.0042151952065251,1.94444444444e-05
52,25,750,981,564.189584,0.02,0,0.05,0,0,0,400000000,10,0.1,18,0.12514696486439,0.160791807568557,0.07,0.0022974411302046,0.00829637060703479,1.94444444444e-05,0.12514696486439,0.160791807568557,0.07,0.0022974411302046,0.00829637060703479,1.94444444444e-05
53,25,750,981,564.189584,0.02,0,0.05,0,0,0,400000000,10,0.1,18,0.111937974007783,0.126253634799333,0.07,0.00128325946286982,0.00505698726004787,1.94444444444e-05,0.0926075762718526,0.113068525019696,0.07,0.0012134552488234,0.00506575881119953,1.94444444444e-05
54,25,750,981,564.189584,0.02,0,0.05,0,0,0,400000000,10,0.1,18,0.07,2.85602516873777e-17,0.07,1.94444444444e-05,3.48635884855684e-21,1.94444444444e-05,0.07,2.85602516873777e-17,0.07,1.94444444444e-05,3.48635884855684e-21,1.94444444444e-05
55,25,750,981,564.189584,0.02,0,0.05,0,0,0,400000000,10,0.1,18,0.0700944804138398,0.000400846447892531,0.07,0.000372441468884483,0.00149763953832154,1.94444444444e-05,0.0700944804138398,0.000400846447892531,0.07,0.000372441468884483,0.00149763953832154,1.94444444444e-05
56,25,750,981,564.189584,0.02,0,0.05,0,0,0,400000000,10,0.1,18,0.069815176431614,0.000784139991172972,0.07,0.000313660516137583,0.0012482530765699,1.94444444444e-05,0.069815176431614,0.000784139991172972,0.07,0.000313660516137583,0.0012482530765699,1.94444444444e-05
57,25,750,981,564.189584,0.02,0,0.05,0,0,0,400000000,10,0.1,18,0.0702478747404865,0.00105164345929706,0.07,0.000322875964693178,0.00128735091356192,1.94444444444e-05,0.0702478747404865,0.00105164345929706,0.07,0.000322875964693178,0.00128735091356192,1.94444444444e-05
58,25,750,981,564.189584,0.02,0,0.05,0,0,0,400000000,10,0.1,18,0.0995381564636749,0.125319784435282,0.07,0.00286894834287446,0.0120894211775844,1.94444444444e-05,0.0995381564636749,0.125319784435282,0.07,0.00286894834287446,0.0120894211775844,1.94444444444e-05
59,25,750,981,564.189584,0.02,0,0.05,0,0,0,400000000,10,0.1,18,0.100959621324465,0.13327243106455,0.07,0.00308655416751969,0.0107449788297128,1.94444444444e-05,0.100959621324465,0.13327243106455,0.07,0.00308655416751969,0.0107449788297128,1.94444444444e-05
60,25,750,981,564.189584,0.02,0,0.05,0,0,0,400000000,10,0.1,18,0.0969316454374231,0.114261294703881,0.07,0.00124262431104821,0.00518951266971847,1.94444444444e-05,0.0969316454374231,0.114261294703881,0.07,0.00124262431104821,0.00518951266971847,1.94444444444e-05
61,25,750,981,564.189584,0.02,0,0.05,0,0,0,400000000,10,0.1,18,0.07,2.85602516873777e-17,0.07,1.94444444444e-05,3.48635884855684e-21,1.94444444444e-05,0.07,2.85602516873777e-17,0.07,1.94444444444e-05,3.48635884855684e-21,1.94444444444e-05
62,25,750,981,564.189584,0.02,0,0.05,0,0,0,400000000,10,0.1,18,0.10100091478841,0.129005077151,0.07,0.00152807104003716,0.00497590184475569,1.94444444444e-05,0.10100091478841,0.129005077151,0.07,0.00152807104003716,0.00497590184475569,1.94444444444e-05
63,25,750,981,564.189584,0.02,0,0.05,0,0,0,400000000,10,0.1,18,0.0988490938835002,0.120359863412428,0.07,0.00262688815901466,0.00868554709842916,1.94444444444e-05,0.0988490938835002,0.120359863412428,0.07,0.00262688815901466,0.00868554709842916,1.94444444444e-05
64,25,750,981,564.189584,0.02,0,0.05,0,0,0,400000000,10,0.1,18,0.0943028996890689,0.106742746467444,0.07,0.00181085985994363,0.00634798319520542,1.94444444444e-05,0.0943028996890689,0.106742746467444,0.07,0.00181085985994363,0.00634798319520542,1.94444444444e-05
65,25,750,981,564.189584,0.02,0,0.05,0,0,0,400000000,10,0.1,18,0.101864821297035,0.135073593487065,0.07,0.00094376922242685,0.00334056034716657,1.94444444444e-05,0.101864821297035,0.135073593487065,0.07,0.00094376922242685,0.00334056034716657,1.94444444444e-05
66,25,750,981,564.189584,0.02,0,0.05,0,0,0,400000000,10,0.1,18,0.07,2.85602516873777e-17,0.07,1.94444444444e-05,3.48635884855684e-21,1.94444444444e-05,0.07,2.85602516873777e-17,0.07,1.94444444444e-05,3.48635884855684e-21,1.94444444444e-05
67,25,750,981,564.189584,0.02,0,0.05,0,0,0,400000000,10,0.1,18,0.120539204316082,0.147799135869854,0.07,0.000893541315538289,0.0020280244202371,1.94444444444e-05,0.120539204316082,0.147799135869854,0.07,0.000893541315538289,0.0020280244202371,1.94444444444e-05
68,25,750,981,564.189584,0.02,0,0.05,0,0,0,400000000,10,0.1,18,0.101845349708818,0.134615428541438,0.07,0.00211463684147151,0.00664126753959098,1.94444444444e-05,0.101845349708818,0.134615428541438,0.07,0.00211463684147151,0.00664126753959098,1.94444444444e-05
69,25,750,981,564.189584,0.02,0,0.05,0,0,0,400000000,10,0.1,18,0.0700355276413725,0.000150731016804349,0.07,0.000301794280271922,0.0011979089014833,1.94444444444e-05,0.0700355276413725,0.000150731016804349,0.07,0.000301794280271922,0.0011979089014833,1.94444444444e-05
70,25,750,981,564.189584,0.02,0,0.05,0,0,0,400000000,10,0.1,18,0.0691971072698628,0.00238182422901341,0.07,0.000519206295662806,0.00145726359388294,1.94444444444e-05,0.0691971072698628,0.00238182422901341,0.07,0.000519206295662806,0.00145726359388294,1.94444444444e-05
71,25,750,981,564.189584,0.02,0,0.05,0,0,0,400000000,10,0.1,18,0.0969088407876314,0.111608231975661,0.07,0.00158921829866742,0.00528819781261748,1.94444444444e-05,0.0963133279688709,0.10908230045865,0.07,0.00156523236568956,0.00519067887442637,1.94444444444e-05
72,25,750,981,564.189584,0.02,0,0.05,0,0,0,400000000,10,0.1,18,0.0699572562498978,0.00323918504993751,0.07,0.00106621805726026,0.00203223376493924,1.94444444444e-05,0.0699572562498978,0.00323918504993751,0.07,0.00106621805726026,0.00203223376493924,1.94444444444e-05
73,25,750,981,564.189584,0.02,0,0.05,0,0,0,400000000,10,0.1,18,0.150937692209877,0.186747308832573,0.07,0.00430967402789359,0.0105501951641992,1.94444444444e-05,0.117525434459999,0.151878203194261,0.07,0.0026854670539412,0.0085435077184231,1.94444444444e-05
74,25,750,981,564.189584,0.02,0,0.05,0,0,0,400000000,10,0.1,18,0.0702022735094038,0.000858173820922799,0.07,0.000376340907381428,0.00151418345474559,1.94444444444e-05,0.0702022735094038,0.000858173820922799,0.07,0.000376340907381428,0.00151418345474559,1.94444444444e-05
75,25,750,981,564.189584,0.02,0,0.05,0,0,0,400000000,10,0.1,18,0.0695741100566571,0.0046748958270725,0.07,0.000839222422684161,0.00179177977081302,1.94444444444e-05,0.0660885864567167,0.0159151220746374,0.07,0.000702706081686494,0.00173791336223355,1.94444444444e-05
